1772.8,176,175.2,158.4,192,162,162.4,154.4,206.8,178.8,206.8
1849.6,192.8,158.4,214.8,208.8,178.8,182,172,190,162,190
1526.4,140.8,158.4,158.4,153.6,162,182,137.6,152,129.6,152
1752.5,175.93,197.92,197.92,191.92,129.55,145.54,171.93,189.92,161.94,189.92
1669.6,140.8,158.4,158.4,192,162,182,172,190,162,152
1685.6,190,172.4,212,167.6,176,196,151.6,166,176,204
1669.6,140.8,158.4,158.4,192,162,196,172,190,162,152
1710.4,204,226,240,181.6,157.6,173.6,200,218,157.6,218
1779.2,171.6,189.2,189.2,222.8,192.8,212.8,168.4,196.8,192.8,196.8
1853.6,246,268,268,237.6,232,252,242,260,232,260
1665.2,196.8,228.4,214.4,248,231.95,201.6,228,208,218,208
1737.6,218,226,186.4,181.6,190,210,179.6,218,204,218
1761.2,154.8,172.4,212,206,176,196,186,204,176,204
1635.6,176,198,158.4,153.6,129.6,182,172,152,162,152
1676.4,140.8,158.4,198,192,162,145.6,137.6,190,162,190
1782.4,176,198,158.4,192,162,182,172,190,162,190
1845.6,192.8,175.2,214.8,208.8,178.8,198.8,154.4,168.8,146.4,206.8
1670.8,140.8,198,158.4,153.6,162,182,172,190,162,152
1637.2,176,158.4,198,153.6,129.6,145.6,172,152,162,190
1671.6,176,198,158.4,153.6,162,182,137.6,190,162,152
1744.4,176,158.4,198,192,162,182,172,152,162,190
1708.8,140.8,158.4,198,153.6,162,182,172,190,162,190
1557.6,176,158.4,158.4,153.6,162,145.6,137.6,152,162,152
1794.4,176,158.4,198,153.6,162,182,172,206.8,178.8,206.8
1799.6,157.6,214.8,214.8,208.8,146.4,198.8,154.4,190,162,152
1634,176,158.4,158.4,153.6,162,182,172,152,129.6,190
1670.47,140.8,158.37,197.96,153.57,161.97,181.96,171.97,151.97,162,189.96
1711.26,175.96,198,158.37,191.96,162,145.6,137.6,190,161.97,189.96
1592,140.8,118.8,158.4,192,162,182,172,152,162,152
1723.6,190,212,172.4,167.6,176,196,151.6,204,176,204
1669.6,140.8,158.4,172.4,192,162,196,172,190,162,152
1698.4,190,172.4,172.4,167.6,143.6,196,186,182.8,192.8,220.8
1812,171.6,189.2,228.8,222.8,192.8,212.8,168.4,204,143.6,204
1669.6,176,198,158.4,153.6,162,145.6,172,204,162,152
1646,190,172.4,172.4,167.6,176,196,151.6,166,176,218
1828.8,182.8,240,240,248,204,224,214,232,204,232
1709.2,176,198,198,153.6,162,145.6,172,190,162,152
1598.8,140.8,158.4,158.4,153.6,129.6,182,172,152,162,190
1779.6,260,282,228.4,223.6,246,252,207.6,260,232,260
1757.6,157.6,158.4,198,153.6,178.8,162.4,188.8,206.8,146.4,206.8
1756.8,176,214.8,175.2,208.8,162,182,172,152,162,152
1704.4,176,158.4,158.4,153.6,162,182,172,190,162,190
1670,196.8,254,214.4,209.6,218,201.6,207.6,208,232,246
1742.61,175.86,158.27,197.84,153.48,161.87,181.85,171.86,189.85,161.87,189.85
1638.8,140.8,198,158.4,192,129.57,182,172,152,162,152
1673.6,176,158.4,198,153.6,162,182,172,152,129.6,190
1639.6,140.8,198,198,153.6,162,145.6,137.6,190,162,152
1786.8,157.6,175.2,158.4,153.6,178.8,182,188.8,206.8,178.8,206.8
1796.4,176,198,214.8,208.8,162,198.8,172,152,162,152
1595.6,176,158.4,158.4,153.6,162,145.6,137.6,190,162,152
1710.4,140.8,198,198,153.6,162,182,172,152,162,190
1676.8,140.8,198,158.4,192,162,182,172,190,129.6,152
1639.2,176,158.4,198,153.6,129.6,182,137.6,190,162,152
1784,176,198,198,192,162,182,172,152,162,190
1706.4,176,158.4,158.4,192,162,145.6,172,190,162,190
1805.2,157.6,214.8,158.4,153.6,178.8,198.8,188.8,206.8,178.8,168.8
1707.2,176,198,175.2,170.4,162,182,172,152,129.6,190
1711.6,176,158.4,198,192,162,145.6,137.6,190,162,190
1632.8,140.8,198,158.4,153.6,162,182,172,152,162,152
1704.4,176,158.4,158.4,153.6,162,182,172,190,162,190
1673.6,176,198,158.4,192,162,145.6,137.6,152,162,190
1643.6,157.6,158.37,158.4,153.6,161.97,181.96,171.97,168.77,162,168.8
1806.44,175.96,214.76,197.96,191.96,146.4,198.76,154.4,189.96,146.37,189.96
1701.6,176,158.4,175.2,170.4,162,145.6,172,190,162,190
1709.2,140.8,198,158.4,192,162,182,172,152,162,190
1668,176,158.4,158.4,153.6,162,145.6,172,190,162,190
1706.4,176,198,158.4,192,162,182,172,152,162,152
1672,176,158.4,158.4,192,162,145.6,137.6,190,162,190
1711.2,157.6,198,158.4,153.6,129.6,182,188.8,206.8,129.6,206.8
1663.2,176,175.2,158.4,192,178.8,162.4,137.6,152,178.8,152
1738,176,158.4,175.2,170.4,162,182,172,190,162,190
1750.4,140.8,198,198,192,162,145.6,172,190,162,190
1594,176,158.4,158.4,153.6,162,182,137.6,152,162,152
1706.4,176,158.4,158.4,192,162,145.6,172,190,162,190
1604,140.8,198,158.4,153.6,162,182,137.6,190,129.6,152
1718,192.8,158.4,158.4,153.6,129.6,182,188.8,168.8,178.8,206.8
1812.8,176,214.8,214.8,153.6,178.8,198.8,172,190,162,152
1611.28,140.77,158.37,158.37,170.37,161.97,145.57,171.97,189.96,161.97,151.97
1685.66,189.96,211.96,186.36,205.96,176,210,151.6,165.97,175.96,165.97
1742.8,176,158.4,158.4,192,162,182,172,190,162,190
1678,140.8,198,198,153.6,129.6,182,172,190,162,152
1615.6,190,172.4,172.4,206,176,159.6,151.6,166,143.6,204
1806.8,192.8,198,158.4,153.6,162,198.8,188.8,206.8,178.8,168.8
1793.2,176,175.2,175.2,192,178.8,182,172,190,162,190
1649.2,204,226,226,198.4,157.6,173.6,165.6,194,190,180
1669.6,140.8,158.4,158.4,192,162,182,172,190,162,152
1631.27,175.96,197.96,158.37,153.57,161.97,145.57,171.97,151.97,161.97,151.97
1754.1,182.73,200.32,239.9,247.9,203.88,223.87,179.49,231.91,203.92,231.91
1719.66,192.72,197.96,158.37,153.57,161.97,145.57,171.97,206.76,178.73,151.97
1759.6,140.8,197.96,158.4,192,161.97,198.76,188.76,151.97,162,206.8
1708.06,175.96,175.2,214.76,170.37,146.4,182,172,190,129.57,151.97
1625.2,204,240,186.4,181.6,190,173.6,165.6,180,190,194
1707.6,176,158.4,198,153.6,162,145.6,172,190,162,190
1632.8,140.8,198,158.4,153.6,162,182,172,152,162,152
1676.86,231.95,200.36,239.95,195.56,217.96,187.56,179.56,231.95,203.96,193.96
1740.85,192.76,197.96,158.37,191.96,161.97,181.96,171.97,168.77,146.37,168.77
1644.47,140.77,158.4,158.37,115.18,178.8,162.4,188.8,190,161.97,189.96
1777.64,189.96,228.75,228.75,222.76,143.57,195.96,199.96,165.97,175.96,165.97
1633.6,175.96,158.4,158.37,153.57,162,145.6,137.6,190,161.97,190
1748.45,140.77,197.96,197.96,191.96,161.97,181.96,171.97,189.96,161.97,151.97
1592,175.96,158.4,158.4,153.6,162,145.6,172,152,161.97,152
1679.26,218,200.36,200.36,195.56,203.96,223.96,179.56,231.95,185.6,231.95
1647.67,157.57,197.96,158.37,153.57,129.57,162.37,171.97,168.77,178.76,168.77
1733.25,175.96,175.16,175.16,153.57,178.76,181.96,188.76,189.96,161.97,151.97
1743.65,175.96,197.96,197.96,208.76,161.97,145.57,137.57,189.96,161.97,151.97
1631.2,140.77,158.4,158.37,153.57,162,182,172,152,161.97,190
1669.27,176,197.96,158.37,153.6,161.97,145.57,171.97,189.96,162,151.97
1561.29,175.96,158.4,158.37,153.57,162,182,137.6,152,129.57,151.97
1689.2,140.8,198,158.4,153.6,162,145.6,172,206.8,162,190
1718.4,192.8,158.37,158.4,192,129.6,198.76,188.76,151.97,178.8,168.8
1645.2,140.8,175.2,175.2,153.6,178.8,145.6,172,190,162,152
1688.4,176,158.4,198,170.4,162,182,137.6,152,162,190
1630,176,158.4,158.4,153.6,162,145.6,172,190,162,152
1669.6,140.8,158.4,158.4,192,162,182,172,152,162,190
1602.8,176,198,158.4,153.6,162,145.6,137.6,190,129.6,152
1560.49,140.8,158.37,158.37,153.6,129.57,181.96,171.97,151.97,162,151.97
1798.84,175.96,158.37,197.96,191.96,161.94,181.96,171.97,206.76,161.97,189.96
1717.31,192.72,158.37,158.34,191.92,161.97,162.37,154.37,189.96,178.73,168.73
1720.86,140.77,175.16,214.76,153.57,178.76,181.96,171.97,151.97,161.97,189.96
1693.66,176,197.96,158.4,170.4,161.97,181.96,137.57,189.96,129.6,189.96
1637.27,175.96,158.37,197.96,191.96,129.57,145.57,171.97,151.97,161.97,151.97
1708.46,140.77,197.96,158.37,153.57,161.97,181.96,171.97,189.96,161.97,189.96
1673.27,175.96,158.37,197.96,191.96,161.97,145.57,137.57,151.97,161.97,189.96
1668,176,198,158.4,153.6,162,182,172,152,162,152
1617.6,140.8,158.4,158.4,192,162,145.6,172,168.8,129.6,190
1756.4,192.8,198,158.4,153.6,162,182,172,190,178.8,168.8
1612.4,140.8,175.2,175.2,192,146.4,162.4,154.4,152,162,152
1683.2,176,158.4,158.4,170.4,162,182,172,152,162,190
1704.8,176,158.4,158.4,192,162,182,172,190,162,152
1642.4,140.8,158.37,198,192,161.97,181.96,137.57,151.97,129.6,190
1629.67,175.96,158.4,158.37,153.57,162,145.6,172,190,161.97,151.97
1747.65,175.96,197.96,158.37,191.96,161.97,181.96,137.57,189.96,161.97,189.96
1573.29,140.77,158.34,158.37,153.57,161.97,145.57,171.97,168.77,161.97,151.97
1706.86,192.76,158.37,197.96,153.57,129.6,181.96,171.97,151.97,161.97,206.76
1697.26,140.77,175.16,175.16,153.57,178.76,198.76,154.37,189.96,178.76,151.97
1693.26,175.96,197.96,197.96,170.37,161.97,145.57,171.97,151.97,129.57,189.96
1632.47,140.8,158.37,198,153.6,161.97,181.96,171.97,151.97,162,151.97
1673.6,175.96,198,158.37,153.57,129.6,182,172,152,161.97,190
1638.4,140.8,158.4,198,192,162,145.6,137.6,190,162,152
1628,176,158.4,158.4,115.2,162,182,172,152,162,190
1674,140.8,198,198,153.6,162,145.6,172,190,162,152
1719.66,157.6,158.37,158.37,191.96,161.97,181.96,171.97,168.77,162,206.76
1740.45,175.96,158.37,197.96,153.57,178.8,198.76,188.8,151.97,146.37,189.96
1614.88,175.96,214.76,175.16,170.37,129.57,145.57,137.57,151.97,161.97,151.97
1743.65,175.96,158.37,197.96,153.57,161.97,181.96,171.97,189.96,161.97,189.96
1783.64,175.96,197.96,197.96,191.96,161.97,181.96,171.97,151.97,161.97,189.96
1560.09,140.77,158.37,158.37,153.57,161.97,145.57,137.57,189.96,161.97,151.97
1751.25,175.96,197.96,197.96,191.96,161.97,181.96,171.97,151.97,129.57,189.96
1670,175.96,158.4,158.4,153.6,162,182,137.6,190,161.97,190
1743.2,176,198,198,192,162,145.6,172,168.8,162,168.8
1757.25,192.76,158.37,197.96,153.57,146.37,198.76,188.76,151.97,178.76,189.96
1639.27,140.77,214.76,175.16,191.96,161.97,145.57,137.57,189.96,129.57,151.97
1683.2,176,158.4,158.4,170.4,162,182,172,152,162,190
1704.8,176,158.4,158.4,192,161.97,182,172,190,162,152
1634.4,140.8,198,158.4,153.6,162,145.6,172,152,162,190
1671.67,175.96,158.37,197.96,191.96,161.97,181.96,137.57,151.97,161.97,151.97
1711.6,176,198,158.4,153.6,129.6,182,172,190,162,190
1670.07,140.8,158.37,158.37,192,161.97,145.57,137.57,206.76,162,206.76
1668.87,192.76,158.37,197.96,153.57,161.97,181.96,171.97,151.97,146.37,151.97
1756.85,140.8,175.16,175.16,192,178.76,198.76,154.37,189.96,162,189.96
1762.05,175.96,197.96,197.96,170.37,161.97,181.96,171.97,151.97,161.97,189.96
1598.48,140.77,158.37,158.37,153.57,129.57,181.96,171.97,189.96,161.97,151.97
1633.67,175.96,158.37,158.37,191.96,161.97,145.57,137.57,151.97,161.97,189.96
1633.67,175.96,158.37,158.37,153.57,161.97,181.96,171.97,151.97,129.57,189.96
1710.46,140.77,198,197.96,191.96,162,181.96,171.97,151.97,161.97,151.97
1686.8,176,158.4,158.4,153.6,162,182,137.6,206.8,162,190
1724,192.8,198,158.4,153.6,129.6,196,172,152,178.8,206.8
1755.25,175.96,175.16,214.76,153.57,178.76,198.76,154.37,189.96,161.97,151.97
1690.46,140.77,198,197.96,170.37,162,145.6,172,152,161.97,189.96
1669.67,176,158.37,158.37,153.6,161.97,181.96,137.57,189.96,162,189.96
1667.67,175.96,197.96,158.37,153.57,161.97,181.96,171.97,151.97,161.97,151.97
1603.68,140.8,158.37,197.96,153.6,161.97,181.96,137.57,151.97,129.6,189.96
1782.04,175.96,197.96,158.37,191.96,161.97,181.96,171.97,189.96,161.97,189.96
1608.8,176,158.4,172.4,153.6,162,145.6,172,168.8,162,152
1669.67,157.6,197.96,158.37,153.57,161.97,181.96,137.57,151.97,162,206.76
1772.45,175.96,175.16,175.16,153.57,146.37,198.76,188.76,189.96,178.76,189.96
1627.67,189.96,211.96,172.37,184.36,175.96,159.57,151.57,165.97,175.96,165.97
1709.2,140.77,158.4,197.96,191.96,162,182,172,152,161.97,190
1712.8,192.8,198,158.4,192,162,145.6,137.6,190,129.6,206.8
1766,190,189.2,212,167.6,192.8,212.8,202.8,180,192.8,166
1712,140.8,198,175.2,208.8,129.6,145.6,172,190,162,190
1594,176,158.4,158.4,153.6,162,182,137.6,152,162,152
1766.4,204,186.4,186.4,220,190,210,200,234.8,190,196.8
1776.4,192.8,198,198,153.6,178.8,145.6,188.8,152,178.8,190
1723.26,140.8,175.16,175.16,191.96,161.97,198.76,137.57,189.96,162,189.96
1652.4,175.96,158.4,198,170.37,129.6,182,172,152,161.97,152
1672.4,140.8,158.4,158.4,192,162,145.6,172,206.8,129.6,206.8
1651.67,192.8,158.37,197.96,153.57,161.97,145.57,137.57,189.96,162,151.97
1844.83,175.96,175.16,214.76,191.96,178.76,198.76,188.76,151.97,178.76,189.96
1714.4,204,226,186.4,198.4,190,173.6,200,218,190,180
1652.87,140.77,158.37,197.96,153.57,161.97,181.96,137.57,168.77,161.97,189.96
1701.66,192.76,158.37,158.37,191.96,161.97,145.57,171.97,189.96,161.97,168.77
1840.8,203.96,203.2,242.8,233.95,174.4,226.8,216.8,180,206.76,218
1685.2,176,158.4,158.4,208.8,162,145.6,172,190,162,152
1652.4,176,158.4,198,153.6,162,182,172,168.8,129.6,152
1701.66,192.76,158.37,158.37,191.96,161.97,145.57,171.97,151.97,161.97,206.76
1703.26,140.77,172.37,197.96,153.57,178.76,198.76,154.37,189.96,178.76,151.97
1832.43,175.96,214.76,175.16,208.76,161.97,181.96,171.97,189.96,161.97,189.96
1576.08,175.96,158.37,158.37,153.57,129.57,145.57,171.97,168.77,161.97,151.97
1714.06,168.77,186.36,186.36,219.96,203.96,209.96,199.96,217.96,189.96,210.76
1816.04,192.76,197.96,197.96,153.57,178.76,181.96,154.37,189.96,178.76,189.96
1648.87,140.77,175.16,175.16,153.57,161.97,198.76,171.97,151.97,129.57,189.96
1738.05,189.96,211.96,172.37,184.36,175.96,159.57,199.96,203.96,175.96,203.96
1592.08,140.77,158.37,158.37,153.57,161.97,181.96,137.57,168.77,161.97,168.77
1690.12,192.72,158.34,158.34,191.92,129.55,145.54,171.93,189.92,161.94,189.92
1752.45,168.77,228.75,228.75,167.57,192.76,212.76,168.37,165.97,192.76,165.97
1725.26,140.77,197.96,158.37,170.37,161.97,181.96,171.97,189.96,161.97,189.96
1682.86,175.96,158.37,158.37,153.57,161.97,181.96,171.97,206.76,161.97,151.97
1668.47,192.76,197.96,158.37,153.57,161.97,145.57,137.57,189.96,161.97,168.77
1696.46,154.77,172.37,189.16,167.57,192.76,212.76,202.76,203.96,160.37,165.97
1745.25,175.96,175.16,197.96,208.76,129.57,181.96,171.97,151.97,161.97,189.96
1612.08,175.96,158.37,158.37,153.57,161.97,145.57,137.57,206.76,161.97,151.97
1725.65,140.77,158.37,197.96,191.96,161.97,181.96,171.97,151.97,161.97,206.76
1736.85,157.57,197.96,175.16,153.57,178.76,198.76,154.37,189.96,178.76,151.97
1673.27,175.96,175.16,158.37,208.76,129.57,181.96,171.97,151.97,129.57,189.96
1708.86,175.96,197.96,197.96,153.57,161.97,145.57,171.97,189.96,161.97,151.97
1626.47,140.77,158.37,158.37,153.57,161.97,181.96,171.97,168.77,161.97,168.77
1738.45,192.76,197.96,158.34,153.57,178.76,181.96,154.37,151.97,178.76,189.96
1756.05,175.96,175.16,214.76,153.57,161.97,198.76,171.97,189.96,175.96,151.97
1578.88,140.77,158.37,158.37,170.37,129.57,145.57,171.97,151.97,161.97,189.96
1612.48,175.96,158.37,158.37,153.57,161.97,181.96,171.97,168.77,129.57,151.97
1832.43,192.76,197.96,158.37,191.96,178.76,181.96,171.97,189.96,161.97,206.76
1720.06,217.96,239.95,217.16,195.56,203.96,204.36,196.36,193.96,220.76,193.96
1662.87,140.77,135.57,158.37,170.37,161.97,181.96,171.97,189.96,161.97,189.96
1722.86,175.96,197.96,158.37,191.96,161.97,181.96,171.97,168.77,161.97,151.97
1636.07,157.57,158.37,158.37,191.96,129.57,181.96,137.57,189.96,161.97,168.77
1750.05,175.96,158.37,175.16,153.57,178.76,198.76,188.76,151.97,178.76,189.96
1596.48,175.96,175.16,158.37,170.37,161.97,145.57,137.57,151.97,129.57,189.96
1647.67,140.77,158.37,158.37,153.57,161.97,181.96,171.97,206.76,161.97,151.97
1686.46,175.96,158.37,158.37,153.57,161.97,181.96,137.57,189.96,161.97,206.76
1806.84,192.76,158.37,214.76,191.96,178.76,198.76,188.76,151.97,178.76,151.97
1595.68,140.77,175.16,158.37,170.37,129.57,145.57,171.97,151.97,161.97,189.96
1670.93,175.93,158.34,197.92,153.54,161.97,181.93,137.54,189.92,161.97,151.94
1748.05,140.77,197.96,158.37,191.96,161.97,181.96,171.97,206.76,129.57,206.76
1663.27,157.57,158.37,197.96,153.57,178.76,162.37,188.76,151.97,161.97,151.97
1742.85,175.96,158.37,214.76,153.57,161.97,181.96,137.57,189.96,178.76,189.96
1669.27,140.77,158.37,158.37,191.96,161.97,181.96,171.97,189.96,161.97,151.97
1560.49,175.96,158.37,197.96,115.18,129.57,145.57,171.97,151.97,161.97,151.97
1706.46,140.77,175.16,158.37,208.76,161.97,181.96,137.57,189.96,161.97,189.96
1615.68,175.96,158.37,197.96,153.57,161.97,145.57,171.97,168.77,129.57,151.97
1740.85,157.57,158.37,158.37,191.96,161.97,181.96,171.97,189.96,161.97,206.76
1715.26,175.96,158.37,214.76,153.57,178.76,162.37,188.76,151.97,178.76,151.97
1671.27,175.96,197.96,158.37,153.57,161.97,181.96,137.57,151.97,161.97,189.96
1596.08,140.77,158.37,197.96,153.57,161.97,145.57,171.97,151.97,161.97,151.97
1760.45,175.96,214.76,158.37,153.57,161.97,181.96,171.97,189.96,161.97,189.96
1616.48,175.96,158.37,158.37,208.76,161.97,181.96,137.57,151.97,129.57,151.97
1670.07,140.77,158.37,158.37,153.57,129.57,181.96,171.97,206.76,161.97,206.76
1778.84,192.76,197.96,197.96,153.57,178.76,181.96,171.97,151.97,161.97,189.96
1700.86,175.96,158.37,175.16,191.96,161.97,162.37,154.37,189.96,178.76,151.97
1630.87,140.77,158.37,158.37,153.57,161.97,181.96,171.97,151.97,161.97,189.96
1709.26,175.96,197.96,158.37,153.57,161.97,181.96,137.57,189.96,161.97,189.96
1611.28,140.77,175.16,158.37,153.57,161.97,145.57,171.97,151.97,161.97,189.96
1745.25,175.96,197.96,158.37,208.76,129.57,181.96,171.97,206.76,161.97,151.97
1630.07,157.57,158.37,158.37,153.57,161.97,181.96,137.57,151.97,161.97,206.76
1816.84,175.96,197.96,175.16,191.96,178.76,198.76,188.76,189.96,129.57,189.96
1649.27,140.77,158.37,158.37,153.57,161.97,145.57,171.97,189.96,178.76,189.96
1710.86,175.96,197.96,197.96,153.57,161.97,181.96,137.57,189.96,161.97,151.97
1630.87,140.77,158.37,158.37,153.57,161.97,181.96,171.97,151.97,161.97,189.96
1702.86,175.96,214.76,158.37,170.37,161.97,145.57,171.97,189.96,161.97,151.97
1714.86,140.77,197.96,197.96,153.57,129.57,181.96,137.57,206.76,161.97,206.76
1682.86,192.76,158.37,158.37,153.57,161.97,181.96,171.97,151.97,161.97,189.96
1791.64,175.96,197.96,175.16,191.96,178.76,162.37,188.76,189.96,178.76,151.97
1783.24,175.96,197.96,197.96,153.57,162,182,172,190,161.97,189.96
1526.09,140.77,158.37,158.37,153.57,162,182,137.6,151.97,129.6,151.97
1763.65,176,214.76,197.96,153.57,161.97,145.57,171.97,189.96,161.97,189.96
1705.66,175.96,158.37,158.37,208.76,129.57,181.96,171.97,206.76,161.97,151.97
1690.46,140.77,197.96,197.96,153.57,162,145.57,171.97,151.97,161.97,206.76
1771.65,192.76,158.37,175.16,191.96,178.76,181.96,188.76,189.96,161.97,151.97
1706.46,175.96,197.96,158.37,153.57,161.97,162.37,137.57,189.96,178.76,189.96
1634.07,175.96,158.37,158.37,191.96,161.97,181.96,171.97,151.97,129.57,151.97
1713.66,140.77,197.96,197.96,153.57,161.97,181.96,137.57,189.96,161.97,189.96
1686.46,175.96,214.76,158.37,191.96,161.97,145.57,171.97,151.97,161.97,151.97
1794.04,175.96,197.96,158.37,170.37,161.97,181.96,171.97,206.76,161.97,206.76
1654.87,157.57,158.37,197.96,191.96,161.97,145.57,137.57,189.96,161.97,151.97
1772.85,175.96,197.96,175.16,153.57,178.76,181.96,188.76,151.97,178.76,189.96
1626.8,175.96,198,197.96,153.57,129.6,162.4,137.6,152,129.57,190
1630.87,140.77,158.37,158.37,153.57,161.97,181.96,171.97,189.96,161.97,151.97
1729.25,175.96,214.76,197.96,153.57,161.97,145.57,137.57,189.96,161.97,189.96
1682.86,175.96,158.4,158.37,170.37,161.97,181.96,171.97,151.97,161.97,189.96
1709.26,140.8,197.96,197.96,153.6,161.97,181.96,137.57,168.8,162,206.76
1718.46,192.76,158.37,175.16,191.96,178.76,145.57,171.97,189.96,161.97,151.97
1726.05,140.77,197.96,197.96,153.57,161.97,198.76,154.37,151.97,178.76,189.96
1707.26,175.96,197.96,158.37,153.57,161.97,145.57,171.97,189.96,161.97,189.96
1711.26,175.96,158.37,197.96,153.57,161.97,181.96,171.97,189.96,129.57,189.96
1725.65,140.77,214.76,158.37,191.96,161.97,181.96,171.97,151.97,161.97,189.96
1579.68,176,158.37,158.37,170.37,129.57,145.57,137.57,189.96,162,151.97
1754.85,192.76,158.37,158.37,191.96,161.97,181.96,171.97,206.76,161.97,168.77
1684.46,140.77,197.96,175.16,153.57,178.76,145.57,188.76,151.97,161.97,189.96
1701.66,175.96,158.37,158.37,191.96,161.97,162.37,171.97,189.96,178.76,151.97
1677.2,176,198,158.4,153.6,162,182,137.6,190,129.6,190
1635.67,176,158.37,158.4,192,129.57,145.57,171.97,151.97,162,189.96
1742.05,140.77,175.16,197.96,170.37,161.97,181.96,171.97,189.96,161.97,189.96
1650.47,175.96,158.37,158.37,191.96,161.97,145.57,137.57,206.76,161.97,151.97
1716.8,192.8,158.4,158.4,153.6,178.8,182,172,152,162,206.8
1666.8,140.8,158.4,175.2,192,162,145.6,188.8,152,162,190
1704.86,175.96,197.96,158.37,153.57,161.97,198.76,137.57,189.96,178.76,151.97
1674,175.96,118.78,198,191.96,129.6,145.6,171.97,190,161.97,190
1635.27,175.96,197.96,158.37,153.57,161.97,181.96,171.97,151.97,129.57,151.97
1636.47,140.77,118.78,197.96,191.96,161.97,145.57,137.57,189.96,161.97,189.96
1743.65,175.96,197.96,158.37,153.57,161.97,181.96,171.97,189.96,161.97,189.96
1671.33,175.93,158.34,197.92,191.92,161.94,181.93,137.54,151.94,161.94,151.94
1737.65,175.96,175.2,158.37,170.37,162,182,172,190,161.97,189.96
1646.07,140.8,197.96,197.96,153.57,129.57,145.57,137.57,206.76,129.6,206.76
1771.65,192.76,158.37,175.16,191.96,178.76,181.96,188.76,189.96,161.97,151.97
1578.8,140.8,198,158.4,153.6,162,162.4,137.6,152,162,152
1762.45,175.96,158.37,197.96,191.96,161.97,145.57,171.97,189.96,178.76,189.96
1632.47,140.77,197.96,158.37,153.57,161.97,181.96,171.97,151.97,161.97,151.97
1637.2,176,158.4,198,153.6,129.57,145.6,172,190,162,152
1596.48,140.77,158.37,158.37,153.57,162,181.96,137.57,151.97,161.97,189.96
1676.46,175.96,197.96,197.96,153.57,161.97,145.57,171.97,189.96,129.57,151.97
1724.85,175.96,175.13,158.37,191.96,161.94,181.93,137.54,189.92,161.97,189.96
1629.67,140.74,158.37,197.96,170.33,161.97,145.57,171.97,168.77,161.94,151.97
1737.65,175.96,158.37,158.37,153.57,178.76,181.96,171.97,189.96,161.97,206.76
1723.6,192.8,198,175.2,153.6,162,145.6,154.4,190,162,190
1744.4,140.8,198,198,192,162,198.8,172,152,178.8,152
1637.2,176,158.4,198,153.6,129.6,145.6,172,152,162,190
1711.6,176,198,158.4,153.6,162,182,172,190,129.6,190
1669.6,140.8,158.4,158.4,192,162,182,172,152,162,190
1713.2,176,198,198,192,162,145.6,137.6,190,162,152
1666.4,176,158.4,158.4,153.6,162,182,172,152,162,190
1742.85,176,214.76,158.37,170.37,161.97,181.96,137.57,189.96,162,189.96
1625.6,175.96,158.4,158.37,153.57,162,145.6,172,168.8,161.97,168.8
1642,157.6,158.4,158.4,192,146.4,182,137.6,190,129.6,190
1701.6,176,198,175.2,153.6,162,182,188.8,152,162,152
1744.85,176,158.37,198,192,161.97,162.37,137.57,189.96,178.8,189.96
1705.66,175.96,197.96,158.37,153.57,161.97,181.96,171.97,151.97,161.97,189.96
1630,175.96,158.37,158.37,153.57,162,145.57,171.97,189.96,161.97,152
1637.67,175.96,158.37,158.37,191.96,161.97,181.96,137.57,151.97,129.57,189.96
1668,176,198,158.4,153.6,162,182,172,152,162,152
1594.8,140.8,158.4,158.4,153.6,162,145.6,172,152,162,190
1671.6,176,175.2,158.4,208.8,129.57,182,137.6,190,162,152
1776.04,175.96,158.37,158.37,191.96,161.97,181.96,171.97,206.76,161.97,206.76
1681.66,192.76,197.96,158.37,153.57,178.76,145.57,188.76,151.97,161.97,151.97
1687.2,175.96,158.4,175.16,191.96,162,182,137.6,152,161.97,190
1670.8,176,198,158.4,153.6,162,162.4,172,190,146.4,152
1744.4,176,198,158.4,192,162,182,172,152,162,190
1631.2,140.8,158.4,158.4,153.6,162,196,172,152,162,190
1713.2,176,198,198,192,162,145.6,137.6,190,162,152
1630.87,140.77,158.37,158.37,153.57,161.97,181.96,171.97,151.97,161.97,189.96
1675.26,175.96,197.96,158.37,191.96,129.57,145.57,171.97,189.96,161.97,151.97
1669.2,175.96,175.2,198,170.37,162,182,172,152,129.57,152
1742,176,158.4,158.4,192,162,182,137.6,206.8,162,206.8
1735.2,192.8,197.96,175.2,153.6,178.76,181.96,188.76,151.97,162,152
1712.46,140.77,158.4,197.96,191.96,162,182,137.6,190,161.97,189.96
1665.2,176,198,158.4,153.6,162,162.4,172,152,178.8,152
1750,176,197.96,158.4,192,129.57,181.96,171.97,189.96,162,189.96
1560.4,140.8,158.4,158.37,153.6,162,145.6,137.6,152,162,190
1704.46,175.96,158.37,158.37,191.96,161.97,181.96,171.97,189.96,161.97,151.97
1712.86,175.96,197.92,197.96,153.57,161.97,181.93,171.93,189.92,129.57,151.94
1560.49,140.77,158.37,158.37,191.96,161.97,145.57,137.57,151.97,161.97,151.97
1738,176,175.2,158.4,170.4,162,182,172,190,162,190
1652,176,158.4,158.4,192,129.6,145.6,154.4,206.8,162,168.8
1760.8,157.6,198,214.8,153.6,178.8,182,172,152,162,190
1688.86,176,158.37,158.37,192,161.97,198.76,171.97,189.96,129.6,151.97
1651.27,140.77,197.96,158.37,191.96,161.97,145.57,171.97,151.97,178.76,151.97
1709.26,175.96,158.37,197.96,153.57,161.97,181.96,137.57,189.96,161.97,189.96
1669.67,175.96,197.96,172.37,191.96,161.97,145.57,171.97,151.97,161.97,151.97
1744,175.96,198,158.4,153.57,162,182,172,190,161.97,190
1599.2,140.8,158.4,158.4,192,162,182,172,152,129.6,152
1592,176,158.4,158.4,153.6,162,145.6,172,152,162,152
1788.44,175.96,214.76,197.96,208.76,129.57,181.96,137.57,189.96,161.97,189.96
1698.06,140.77,158.37,158.37,153.57,178.76,181.96,188.76,206.76,161.97,168.77
1741.25,192.76,158.37,214.76,191.96,161.97,145.57,171.97,151.97,161.97,189.96
1815.64,175.96,197.96,158.37,191.96,161.97,198.76,171.97,189.96,178.76,189.96
1522.1,140.77,158.37,158.37,153.57,161.97,145.57,137.57,151.97,161.97,151.97
1713.26,175.96,158.37,197.96,191.96,161.97,145.57,171.97,189.96,129.57,189.96
1666.07,175.96,158.37,158.37,153.57,161.97,181.96,171.97,189.96,161.97,151.97
1633.27,140.77,175.16,197.96,170.33,161.97,145.57,137.57,151.97,161.97,189.96
1745.6,175.96,158.4,198,192,129.6,182,172,206.8,161.97,168.8
1637.67,171.57,172.37,189.16,167.57,192.76,159.57,202.76,165.97,175.96,165.97
1799.2,176,198,158.4,192,162,198.8,172,190,162,190
1651.29,175.75,197.72,197.72,153.39,161.77,145.4,137.41,151.79,178.55,151.79
1637.2,140.8,158.4,158.4,192,162,182,172,190,129.6,152
1709.2,176,198,198,153.6,162,145.6,172,152,162,190
1666.47,140.77,175.16,158.37,208.76,161.97,145.57,171.97,189.96,161.97,151.97
1695.26,175.96,198,197.96,153.57,129.6,182,137.6,168.8,161.97,189.96
1856.43,234.75,239.95,239.95,233.95,220.76,187.56,230.75,231.95,203.96,210.76
1647.67,140.8,158.37,175.16,153.57,161.97,181.96,171.97,151.97,162,189.96
1742.45,175.96,197.96,198,153.6,161.97,162.37,171.97,151.97,178.76,189.96
1680.8,189.96,172.4,172.37,205.96,176,196,186,180,175.96,166
1612.48,140.8,197.96,197.96,153.6,129.57,145.57,137.57,189.96,129.6,189.96
1742.8,175.96,158.37,158.37,191.96,161.97,181.96,171.97,189.96,161.97,190
1651.67,140.77,214.76,197.96,170.37,161.97,145.57,137.57,168.77,161.97,151.97
1754.45,175.96,158.37,158.37,153.57,178.76,181.96,188.76,189.96,161.97,206.76
1708.06,157.57,158.37,214.76,191.96,161.97,181.96,137.57,151.97,161.97,189.96
1664.87,175.96,198,158.37,153.57,161.97,162.4,172,152,178.76,151.97
1690.46,154.77,172.37,211.96,205.96,143.57,195.96,185.96,203.96,175.96,165.97
1633.67,175.96,158.37,158.37,153.57,161.97,181.96,171.97,151.97,129.57,189.96
1708.86,140.77,158.37,197.96,191.96,161.97,181.96,171.97,151.97,161.97,189.96
1665.27,175.96,175.16,158.37,170.37,161.97,181.96,137.57,189.96,161.97,151.97
1666.07,140.77,197.96,158.37,153.57,161.97,181.96,171.97,168.77,161.97,168.77
1719.66,192.76,158.37,197.96,153.57,178.76,145.57,188.76,151.97,161.97,189.96
1636.07,140.77,158.37,175.16,205.96,129.57,198.76,137.57,189.96,161.97,151.97
1724.06,175.96,197.96,197.96,153.57,161.97,181.96,171.97,151.97,178.76,151.97
1524.1,140.77,158.37,158.37,153.57,161.97,145.57,171.97,151.97,129.57,151.97
1709.26,175.96,158.37,197.96,153.57,161.97,181.96,137.57,189.96,161.97,189.96
1590.08,140.77,175.16,158.37,170.37,161.97,145.57,171.97,151.97,161.97,151.97
1652.07,175.96,158.37,197.96,153.57,129.57,181.96,171.97,168.77,161.97,151.97
1779.64,157.57,198,158.37,191.96,178.8,182,154.4,190,161.97,206.76
1698.8,190,172.4,228.8,167.6,176,196,186,166,176,166
1663.27,175.96,158.37,158.37,153.57,161.97,162.37,171.97,189.96,178.76,151.97
1678,140.8,198,198,153.6,162,182,172,190,129.6,152
1709.66,176,172.37,197.96,191.96,161.97,181.96,137.57,151.97,162,189.96
1673.6,175.96,198,158.4,153.6,129.6,182,172,190,161.97,152
1741.2,140.8,175.2,158.4,208.8,162,182,172,190,162,190
1702.8,176,158.4,198,192,178.8,145.6,168.4,168.8,162,182.8
1817.2,192.8,198,214.8,153.6,162,182,172,190,162,190
1628.4,140.8,158.4,158.4,153.6,162,162.4,172,190,178.8,152
1751.6,176,198,198,192,129.6,182,172,152,162,190
1632,176,158.37,158.4,153.6,161.97,181.96,137.57,189.96,162,152
1634.4,176,158.4,158.4,192,161.97,182,172,152,129.6,152
1705.66,140.77,175.16,197.96,170.37,161.97,145.57,171.97,189.96,161.97,189.96
1700.06,175.96,197.96,118.78,191.96,161.97,181.96,171.97,168.77,161.97,168.77
1794.04,192.76,158.4,197.96,153.57,178.8,182,188.8,190,161.97,190
1561.6,140.8,158.4,175.2,153.6,162,162.4,137.6,190,129.6,152
1645.2,176,158.4,158.4,153.6,162,182,172,152,178.8,152
1750,176,158.4,198,192,129.6,182,172,190,162,190
1632.8,140.8,198,158.4,153.6,161.97,182,172,152,162,152
1746.85,175.96,197.96,197.96,153.57,162,145.57,171.97,189.96,161.97,189.96
1599.2,140.8,158.4,158.4,192,162,182,172,152,129.6,152
1633.6,176,158.4,198,153.6,162,182,137.6,152,162,152
1701.6,176,175.2,158.4,170.4,162,145.6,172,190,162,190
1626.47,140.77,158.37,158.37,153.57,161.97,181.96,171.97,168.77,161.97,168.77
1693.2,192.8,198,198,192,146.4,145.6,154.4,152,162,152
1705.6,176,158.37,175.2,153.6,161.97,198.76,171.97,189.96,129.6,190
1705.26,210.76,214.4,253.95,209.56,232,238,228,208,234.75,207.96
1669.27,176,197.96,158.37,153.57,161.97,145.57,171.97,189.96,162,151.97
1667.67,175.96,158.37,197.96,153.57,161.97,181.96,171.97,151.97,161.97,151.97
1634.87,175.96,158.37,197.96,153.54,161.97,145.57,137.57,151.97,161.97,189.96
1560.49,140.77,158.37,158.37,153.57,129.57,181.96,171.97,151.97,161.97,151.97
1670,175.96,158.4,158.4,153.57,161.97,182,137.6,190,161.97,190
1703.26,175.96,175.16,197.96,208.76,161.97,145.57,171.97,151.97,161.97,151.97
1651.27,140.77,158.4,158.37,153.57,162,182,137.6,206.8,161.97,189.96
1738.05,192.76,197.96,197.96,153.57,178.76,145.57,188.76,151.97,161.97,168.77
1688.86,175.96,158.37,175.16,191.96,161.97,181.96,171.97,189.96,129.57,151.97
1665.6,176,158.4,158.4,153.6,162,198.8,137.6,152,178.8,190
1596.4,140.8,158.4,198,153.6,162,145.6,172,152,162,152
1673.6,176,198,158.4,153.6,129.6,182,172,152,162,190
1633.27,176,158.37,158.4,153.6,161.97,145.57,137.57,189.96,162,189.96
1638.47,140.77,158.4,197.96,191.96,162,182,172,152,129.57,151.97
1669.67,175.96,158.37,158.37,153.57,161.97,181.96,137.57,189.96,161.97,189.96
1608.48,175.96,175.16,158.37,153.57,161.97,145.57,171.97,151.97,161.97,151.97
1739.6,175.96,158.4,198,170.37,162,182,172,168.8,161.97,190
1646.87,140.77,158.37,158.37,153.57,178.76,181.96,154.37,151.97,161.97,206.76
1738.4,192.8,158.4,175.2,192,162,182,172,190,162,152
1595.28,140.8,197.96,158.4,153.6,161.97,162.37,137.57,151.97,178.8,151.97
1673.27,175.96,158.37,197.96,153.57,129.57,181.96,171.97,151.97,161.97,189.96
1708.8,140.77,158.4,197.96,153.57,162,182,172,190,161.97,190
1557.6,176,158.4,158.4,153.6,162,145.6,137.6,152,162,152
1636.8,140.8,158.37,158.4,153.6,161.97,181.96,171.97,189.96,129.6,190
1595.68,175.96,158.4,158.37,191.96,162,145.6,137.6,152,161.97,151.97
1729.25,182.76,217.2,239.95,195.56,203.96,224,214,194,217.96,231.95
1684.46,175.96,158.37,158.37,170.37,161.97,145.57,171.97,189.96,161.97,189.96
1739.6,176,198,118.8,192,146.4,182,188.8,206.8,162,168.8
1633.6,157.6,158.37,214.8,153.6,161.97,145.57,137.57,151.97,162,189.96
1738.05,175.96,158.37,158.37,191.96,161.97,198.76,171.97,151.97,178.76,189.96
1635.27,175.96,158.37,158.37,153.57,161.97,145.57,171.97,189.96,129.57,189.96
1632.47,140.77,197.96,158.37,153.57,161.97,181.96,171.97,151.97,161.97,151.97
1750,176,158.4,198,192,129.6,182,172,190,162,190
1630,176,158.4,158.4,153.6,162,145.6,172,190,162,152
1674.47,140.77,158.37,197.96,191.96,161.97,181.96,137.57,151.97,161.97,189.96
1668.87,140.77,158.37,158.37,153.57,162,182,172,189.96,161.97,189.96
1665.2,176,175.2,198,170.4,162,145.6,172,152,162,152
1754.8,176,158.4,158.4,153.6,178.8,182,172,206.8,162,206.8
1644.87,157.57,158.37,175.16,153.57,161.97,145.57,188.76,189.96,161.97,151.97
1728.8,175.96,158.37,197.96,191.96,161.97,198.76,171.97,151.97,129.57,190
1732.45,140.77,198,197.96,153.57,129.6,182,172,190,178.76,189.96
1557.6,176,158.4,158.4,153.6,162,145.6,137.6,152,162,152
1747.2,140.8,158.4,198,192,162,182,172,190,162,190
1628.4,176,158.4,158.4,153.6,162,182,172,152,162,152
1674,140.8,198,198,153.6,162,145.6,172,190,162,152
1670,176,158.37,158.4,153.6,161.97,181.96,137.57,189.96,162,190
1704.46,140.77,175.16,197.96,208.76,161.97,181.96,171.97,151.97,161.97,151.97
1716.46,175.96,158.37,158.37,153.57,178.76,181.96,171.97,206.76,161.97,168.77
1647.6,192.8,158.4,214.8,153.6,162,145.6,154.4,152,162,152
1636.47,140.8,158.37,158.37,153.6,129.57,181.96,171.97,189.96,162,189.96
1743.65,175.96,158.37,158.37,191.96,161.97,198.76,171.97,189.96,146.37,189.96
1638.4,168.8,186.4,226,181.6,190,173.6,200,180,190,180
1704.4,176,158.4,158.4,153.6,162,182,172,190,162,190
1602,140.8,198,158.4,153.6,129.6,145.6,172,190,162,152
1666.4,176,158.4,158.4,153.6,162,182,172,152,162,190
1673.6,176,158.4,198,192,162,145.6,137.6,152,162,190
1622.08,176,175.16,118.78,170.37,161.97,181.96,171.97,151.97,162,151.97
1691.66,140.77,158.37,158.37,191.96,161.97,181.96,171.97,206.76,129.57,189.96
1666.4,192.76,198,158.4,153.57,146.4,145.6,188.8,152,161.97,168.8
1781.6,176,158.4,214.8,192,161.97,198.8,137.6,190,162,190
1650.87,140.77,197.96,158.37,153.57,161.97,145.57,171.97,151.97,178.76,189.96
1704.46,175.96,158.37,158.37,191.96,161.97,181.96,171.97,189.96,161.97,151.97
1635.27,176,197.96,158.37,153.6,161.97,181.96,171.97,151.97,129.6,151.97
1674.47,140.77,158.37,197.96,191.96,161.97,181.96,137.57,151.97,161.97,189.96
1598.88,175.96,198,158.37,153.57,129.6,145.6,172,152,161.97,151.97
1759.25,175.96,175.16,158.37,191.96,161.97,181.96,171.97,189.96,161.97,189.96
1690,176,198,198,170.4,162,182,137.6,152,162,152
1666.8,140.8,158.4,158.4,192,178.8,145.6,172,168.8,162,190
1811.2,192.8,198,175.2,153.6,162,182,188.8,190,162,206.8
1665.2,176,158.37,198,153.6,161.97,162.37,171.97,151.97,178.8,151.97
1632.47,140.77,197.96,158.37,153.57,161.97,181.96,171.97,151.97,161.97,151.97
1601.28,175.96,158.37,158.37,191.96,161.97,145.57,137.57,151.97,129.57,189.96
1745.25,175.96,197.96,197.96,153.57,161.97,181.96,171.97,189.96,161.97,151.97
1524.4,140.8,158.4,158.4,153.6,129.6,145.6,172,152,162,152
1708.4,176,158.4,158.4,192,162,182,137.6,190,162,190
1739.25,176,175.16,197.96,170.37,161.97,181.96,171.97,151.97,162,189.96
1560.49,140.77,158.37,158.37,191.96,161.97,145.57,137.57,151.97,161.97,151.97
1777.24,175.96,158.37,158.37,191.96,178.8,181.96,188.76,206.76,129.57,206.76
1668.87,192.76,158.37,214.76,153.57,129.57,181.96,171.97,151.97,161.97,151.97
1745.2,176,198,158.4,192,162,162.4,137.6,190,178.8,190
1666.07,176,158.37,158.4,153.6,161.97,181.96,171.97,151.97,162,189.96
1522.4,140.77,158.4,158.37,153.57,162,145.6,137.6,152,161.97,152
1712,176,198,158.4,192,162,182,172,190,129.6,152
1744,176,158.4,198,153.6,162,182,172,190,162,190
1592.88,140.8,158.37,158.4,153.6,161.97,181.96,171.97,151.97,162,151.97
1593.2,175.96,175.2,158.37,170.37,129.6,145.6,172,152,161.97,152
1686.8,176,158.4,158.4,153.6,162,182,137.6,206.8,162,190
1814.4,157.6,158.4,198,192,178.8,182,188.8,190,162,206.8
1569.2,176,158.4,135.6,153.6,162,145.6,172,152,162,152
1748.05,140.77,158.37,197.96,191.96,161.97,198.76,171.97,189.96,146.37,189.96
1673.2,175.96,197.96,158.4,153.57,161.97,145.57,137.57,189.96,161.97,190
1666.47,175.96,158.4,158.37,191.96,162,182,172,152,161.97,151.97
1677.26,140.77,197.96,197.96,153.57,161.97,145.57,137.57,189.96,161.97,189.96
1559.6,175.96,158.4,158.37,153.57,129.6,145.6,172,152,161.97,152
1776.4,176,175.2,158.4,208.8,162,182,172,190,162,190
1567.6,140.8,198,158.4,153.6,162,145.6,137.6,190,129.6,152
1794.8,176,158.4,198,192,178.8,182,188.8,168.8,162,190
1796.4,192.8,198,175.2,192,162,145.6,172,190,162,206.8
1670.8,140.8,158.4,198,153.6,162,182,172,190,162,152
1668.8,176,198,158.4,153.6,162,162.4,137.6,152,178.8,190
1670.8,140.8,158.4,198,153.6,162,182,172,190,162,152
1713.6,176,158.4,198,192,162,145.6,172,190,129.6,190
1637.2,176,198,158.4,153.6,129.6,145.6,172,190,162,152
1708.8,140.8,158.4,198,153.6,162,182,172,190,162,190
1707.2,176,175.2,198,208.8,162,145.6,137.6,152,162,190
1704.8,176,158.4,158.4,192,162,182,172,190,162,152
1723.19,175.75,158.18,197.72,153.39,178.55,145.4,188.54,206.51,129.42,189.73
1721.2,157.6,198,175.2,153.6,162,182,172,152,162,206.8
1674.8,176,158.4,198,192,129.6,162.4,137.6,190,178.8,152
1631.2,140.8,158.4,158.4,153.6,162,182,172,190,162,152
1747.6,176,198,198,192,162,145.6,172,152,162,190
1560.4,140.8,158.4,158.4,153.6,162,145.6,137.6,190,162,152
1711.6,176,158.4,198,153.6,129.6,182,172,190,162,190
1582.8,140.8,198,158.4,170.4,162,182,137.6,152,129.6,152
1799.2,176,175.2,198,192,162,182,172,190,162,190
1664.8,140.8,158.4,158.4,153.6,162,182,188.8,168.8,162,190
1794.4,176,158.4,214.8,153.6,178.8,182,172,190,162,206.8
1664.47,157.6,158.37,158.37,153.57,161.97,198.76,171.97,151.97,162,189.96
1659.2,175.96,198,197.96,153.57,129.6,145.6,137.6,190,178.76,152
1654,140.8,158.4,158.4,208.8,162,182,172,152,129.6,190
1760.8,176,175.16,198,153.6,161.97,181.96,171.97,189.96,162,190
1666.87,175.96,158.4,197.96,153.57,162,182,154.4,168.8,161.97,151.97
1721.6,140.8,158.4,175.2,192,178.8,145.6,172,190,162,206.8
1779.6,192.8,198,198,192,162,198.8,172,152,162,152
1726,140.8,158.4,198,192,162,182,172,190,178.8,152
1704.86,175.96,214.76,158.37,170.37,161.97,181.96,137.57,151.97,161.97,189.96
1712.4,140.8,198,198,192,162,145.6,172,190,162,152
1724,176,158.4,198,153.6,146.4,182,188.8,168.8,162,190
1728,192.8,198,175.2,192,162,182,137.6,190,129.6,168.8
1819.2,176,198,198,192,162,162.4,172,190,178.8,190
1633.6,176,198,158.4,153.6,162,182,137.6,152,162,152
1816,176,175.2,198,208.8,162,182,172,190,162,190
1745.6,140.8,198,198,153.6,162,145.6,188.8,206.8,162,190
1673.2,176,198,175.2,192,146.4,182,137.6,152,162,152
1745.2,192.8,158.4,198,153.6,162,182,172,190,129.6,206.8
1664.8,140.8,158.4,158.4,153.6,162,198.8,172,190,178.8,152
1730,176,198,198,208.8,162,145.6,137.6,152,162,190
1759.6,176,175.2,158.4,192,162,182,172,190,162,190
1782,140.8,198,198,153.6,162,182,188.8,206.8,162,190
1680.8,176,158.4,175.2,192,178.8,145.6,172,152,162,168.8
1672.8,192.8,158.4,198,153.6,129.6,198.8,137.6,190,162,152
1767.2,140.8,198,198,192,162,145.6,172,190,178.8,190
1662,176,175.2,158.4,170.4,162,182,172,152,162,152
1711.6,176,158.4,198,153.6,162,182,172,190,129.6,190
1632,140.8,198,158.4,153.6,162,182,154.4,168.8,162,152
1773.2,192.8,158.4,214.8,153.6,178.8,182,172,152,162,206.8
1685.2,176,158.4,158.4,192,162,162.4,172,190,162,152
1762.4,176,198,198,153.6,162,182,172,152,178.8,190
1630.4,140.8,175.2,158.4,170.4,162,182,137.6,190,162,152
1703.2,176,158.4,198,153.6,162,145.6,188.8,168.8,162,190
1694.4,176,198,158.4,192,146.4,182,137.6,190,162,152
1718.4,192.8,198,175.2,153.6,162,182,172,152,162,168.8
1628.4,140.8,158.4,158.4,153.6,162,162.4,172,152,178.8,190
1746,176,198,198,192,162,182,172,152,162,152
1671.2,176,175.2,158.4,170.4,162,182,137.6,190,129.6,190
1781.2,176,198,198,192,162,145.6,188.8,206.8,162,152
1758,176,158.4,214.8,153.6,178.8,145.6,172,190,162,206.8
1615.68,157.6,158.37,158.37,191.96,129.57,181.96,171.97,151.97,162,151.97
1816.84,175.96,197.96,197.96,153.57,162,198.8,172,189.96,178.76,189.96
1648.8,176,158.4,158.4,170.4,162,182,137.6,190,162,152
1764.4,176,214.8,198,192,162,145.6,172,152,162,190
1700,176,158.4,158.4,153.6,162,182,188.8,206.8,162,152
1728.8,140.8,158.4,214.8,192,178.8,145.6,172,190,129.6,206.8
1777.6,192.8,158.4,198,153.6,162,198.8,172,190,162,190
1688,176,198,198,153.6,162,145.6,172,152,178.8,152
1619.2,140.8,158.4,158.4,170.4,129.6,182,137.6,190,162,190
1762.8,176,175.2,198,192,162,145.6,172,190,162,190
1739.6,176,158.4,198,153.6,162,182,188.8,206.8,162,152
1702,157.6,198,175.2,192,178.8,145.6,172,152,162,168.8
1777.6,176,158.4,198,153.6,162,198.8,172,190,178.8,190
1630,176,158.4,158.4,153.6,162,145.6,172,190,162,152
1781.6,176,175.2,198,208.8,162,182,137.6,190,162,190
1672.8,140.8,198,158.4,192,162,145.6,172,190,162,152
1744,176,158.4,198,153.6,162,182,172,190,162,190
1672.4,176,158.4,158.4,192,162,182,172,152,129.6,190
1670.8,176,158.4,198,153.6,129.6,145.6,188.8,206.8,162,152
1758,140.8,158.4,175.2,192,178.8,182,172,190,162,206.8
1779.2,192.8,198,198,153.6,162,198.8,172,190,162,152
1685.2,176,158.4,158.4,192,162,145.6,172,152,178.8,190
1687.6,140.8,198,158.4,170.4,162,182,172,190,162,152
1728,176,214.8,198,153.6,162,182,137.6,152,162,190
1668.4,176,158.4,158.4,192,162,145.6,172,190,162,152
1645.2,176,198,158.4,192,129.6,182,137.6,152,129.6,190
1745.6,140.8,198,198,153.6,162,145.6,188.8,206.8,162,190
1683.2,176,158.4,158.4,153.6,178.8,182,172,190,162,152
1718.4,192.8,198,175.2,153.6,162,182,172,152,162,168.8
1671.67,140.8,158.37,198,192,161.97,162.37,137.57,189.96,178.8,151.97
1704.4,175.96,158.4,158.4,153.57,162,182,172,190,161.97,190
1706,176,175.2,158.4,208.8,162,182,172,152,129.6,190
1641.6,140.8,198,198,153.6,129.6,145.6,172,190,162,152
1748,176,198,158.4,192,162,182,137.6,190,162,190
1668,176,158.4,198,153.6,162,182,172,152,162,152
1721.6,140.8,158.4,158.4,192,178.8,145.6,188.8,206.8,162,190
1779.2,176,198,214.8,153.6,162,182,172,152,162,206.8
1685.6,157.6,158.4,158.4,192,162,198.8,137.6,190,178.8,152
1636,176,158.4,158.4,192,162,145.6,172,190,129.6,152
1673.6,176,198,158.4,153.6,129.6,182,172,152,162,190
1629.6,176,175.2,158.4,208.8,162,145.6,137.6,152,162,152
1669.2,140.8,158.4,158.4,153.6,162,182,172,190,162,190
1673.27,176,197.96,158.37,191.96,161.97,145.57,137.57,189.96,162,151.97
1721.6,176,198,118.8,192,162,182,172,168.8,162,190
1703.2,176,158.4,198,153.6,178.8,145.6,188.8,190,162,152
1724.06,192.8,197.96,175.16,192,161.97,181.96,171.97,151.97,129.6,168.77
1705.26,175.96,158.4,158.37,191.96,162,162.4,137.6,190,178.76,189.96
1669.6,176,198,158.4,153.6,162,145.6,172,190,162,152
1726,140.8,158.4,198,208.8,162,182,172,152,162,190
1652.4,176,214.8,158.4,192,162,145.6,137.6,152,162,152
1704.8,176,158.4,158.4,192,162,182,172,190,162,152
1614.08,175.96,158.37,158.37,153.57,129.57,145.57,171.97,168.77,161.97,189.96
1800.44,175.96,197.96,197.96,191.96,162,181.96,188.8,189.96,161.97,151.97
1683.24,175.75,197.72,174.96,153.39,178.55,145.4,137.41,151.79,161.77,206.51
1686.4,157.6,158.4,158.4,192,162,182,172,190,162,152
1670.8,176,158.4,198,153.6,162,162.4,172,152,146.4,190
1632,176,158.4,158.4,153.6,162,182,137.6,190,162,152
1669.6,176,175.2,158.4,208.8,129.6,145.6,172,152,162,190
1709.2,176,198,198,153.6,162,145.6,172,190,162,152
1596.8,140.8,158.4,158.4,153.6,162,182,137.6,190,162,152
1724.8,176,198,158.4,192,162,145.6,172,168.8,162,190
1738.4,176,158.4,158.4,192,178.8,182,188.8,190,162,152
1649.6,192.8,158.4,214.8,153.6,162,145.6,172,152,129.6,168.8
1749.2,176,198,158.4,192,129.6,198.8,137.6,190,178.8,190
1631.6,176,158.4,198,153.6,162,145.6,172,152,162,152
1726,140.8,198,158.4,208.8,162,182,172,190,162,152
1726.8,176,175.2,198,192,162,182,137.6,152,162,190
1669.6,176,198,158.4,153.6,162,145.6,172,190,162,152
1717.6,176,158.4,198,192,129.6,182,172,190,129.6,190
1592.4,140.8,158.4,158.4,153.6,162,182,154.4,168.8,162,152
1777.6,176,158.4,198,153.6,178.8,182,172,190,162,206.8
1755.59,192.49,197.68,174.92,191.69,161.74,162.14,171.73,189.7,161.74,151.76
1691.6,140.8,158.4,198,192,162,182,137.6,152,178.8,190
1745.6,176,198,198,153.6,162,182,172,190,162,152
1636.8,176,214.8,158.4,208.8,129.6,145.6,137.6,152,162,152
1782.4,176,158.4,198,192,162,182,172,190,162,190
1638.4,140.8,198,158.4,153.6,162,182,172,190,129.6,152
1691.6,176,198,198,153.6,162,145.6,137.6,206.8,162,152
1771.65,175.96,158.37,158.37,208.76,178.76,181.96,188.76,151.97,161.97,206.76
1668,140.8,175.2,214.8,153.6,162,145.6,172,190,162,152
1756.4,192.8,198,158.4,153.6,162,198.8,172,190,178.8,152
1768.4,176,198,198,192,129.6,182,172,168.8,162,190
1684.8,140.8,158.4,198,170.4,178.8,145.6,188.8,190,162,152
1743.6,176,214.8,158.4,192,162,182,137.6,190,162,168.8
1728.4,157.6,198,214.8,153.6,162,198.8,172,152,129.6,190
1721.6,176,158.4,158.4,192,162,182,172,190,178.8,152
1691.6,176,198,198,153.6,162,145.6,137.6,206.8,162,152
1753.6,140.8,175.2,158.4,208.8,178.8,182,188.8,152,162,206.8
1670.8,192.8,198,175.2,153.6,129.6,145.6,172,190,162,152
1746.4,140.8,158.4,198,192,162,198.8,137.6,190,178.8,190
1646.8,176,158.4,158.4,153.6,162,145.6,172,206.8,162,152
1794,176,175.2,198,208.8,178.8,182,154.4,152,162,206.8
1666.4,157.6,158.4,175.2,153.6,162,145.6,172,190,162,190
1667.67,175.96,158.37,158.37,191.96,161.97,198.76,171.97,151.97,146.37,151.97
1732.4,175.96,158.4,198,191.96,129.6,182,137.6,206.8,161.97,190
1684.8,140.8,158.4,198,170.4,178.8,145.6,188.8,152,162,190
1760.4,176,214.8,175.2,192,162,182,137.6,190,162,168.8
1668,157.6,158.4,198,153.6,162,162.4,172,152,162,190
1721.6,176,158.4,158.4,192,162,182,172,190,178.8,152
1779.2,140.8,198,198,170.4,178.8,145.6,188.8,206.8,162,190
1663.6,176,175.2,158.4,153.6,162,145.6,172,152,162,206.8
1722,192.8,158.4,214.8,153.6,162,198.8,137.6,190,162,152
1689.2,140.8,198,158.4,153.6,162,145.6,172,190,178.8,190
1689.2,176,158.4,158.4,192,129.6,182,172,168.8,162,190
1684.4,140.8,175.2,158.4,170.4,178.8,145.6,188.8,190,129.6,206.8
1745.2,192.8,198,214.8,192,162,182,137.6,152,162,152
1777.6,176,198,158.4,153.6,162,198.8,172,190,178.8,190
1687.2,176,158.4,158.4,192,162,182,137.6,168.8,162,190
1834.4,140.8,214.8,198,208.8,178.8,145.6,188.8,190,162,206.8
1738.4,192.8,158.4,175.2,192,162,182,172,190,162,152
1619.6,176,158.4,198,153.6,162,162.4,137.6,152,129.6,190
1745.2,176,198,158.4,153.6,129.6,182,172,206.8,178.8,190
1736.4,140.8,175.2,158.4,170.4,178.8,182,188.8,190,162,190
1608,192.8,158.4,175.2,153.6,162,145.6,137.6,152,162,168.8
1799.2,176,198,158.4,192,162,198.8,172,190,162,190
1687.6,140.8,198,158.4,153.6,162,182,172,190,178.8,152
1636.4,176,158.4,198,170.4,129.6,145.6,137.6,168.8,162,190
1849.23,175.96,214.76,158.37,191.96,178.76,181.96,188.76,189.96,161.97,206.76
1610.88,157.57,158.37,175.16,153.57,161.97,198.76,171.97,151.97,129.57,151.97
1838.8,175.96,198,198,191.96,162,182,172,190,178.76,190
1575.6,140.8,158.4,158.4,153.6,162,182,137.6,168.8,162,152
1830,176,214.8,158.4,208.8,178.8,145.6,188.8,190,162,206.8
1705.6,192.8,158.4,175.2,153.6,129.6,182,172,190,162,190
1706.4,140.8,198,158.4,192,162,162.4,172,152,178.8,190
1652,176,158.4,198,153.6,162,145.6,137.6,206.8,162,152
1854,140.8,214.8,198,208.8,178.8,182,188.8,190,162,190
1646.4,192.8,158.4,175.2,153.6,162,182,172,152,129.6,168.8
1734.8,140.8,198,198,192,129.6,162.4,172,190,162,190
1700.4,176,158.4,158.4,192,162,182,172,168.8,178.8,152
1850.8,176,214.8,198,170.4,178.8,182,188.8,190,162,190
1688.8,157.6,198,175.2,192,162,159.6,137.6,190,162,168.8
1760.8,176,158.4,198,153.6,162,198.8,172,190,162,190
1654,140.8,158.4,158.4,192,162,182,172,152,146.4,190
1724,176,158.4,198,170.4,129.6,182,188.8,206.8,162,152
1682.8,157.6,175.2,175.2,192,178.8,145.6,137.6,152,162,206.8
1706,176,158.4,198,153.6,162,182,172,190,162,152
1708,176,198,158.4,192,162,145.6,172,152,162,190
1674.8,140.8,158.4,198,192,162,182,137.6,190,162,152
1669.6,176,198,158.4,153.6,162,145.6,172,190,162,152
1672.4,176,158.4,158.4,192,162,182,172,152,129.6,190
1636.4,140.8,198,158.4,153.6,162,182,137.6,190,162,152
1686.4,176,158.4,198,153.6,162,162.4,172,152,162,190
1686.84,175.75,158.18,158.18,191.73,129.42,181.75,171.76,189.73,178.55,151.79
1728,140.8,198,198,170.4,162,145.6,154.4,206.8,162,190
1757.6,192.8,214.8,175.2,153.6,178.8,182,172,190,129.6,168.8
1710,176,158.4,198,192,162,182,137.6,152,162,190
1594.48,140.77,158.37,158.37,153.57,161.97,145.57,171.97,189.96,161.97,151.97
1789.24,175.96,198,197.96,191.96,129.6,182,172,190,161.97,189.96
1557.6,176,158.4,158.4,153.6,162,145.6,137.6,152,162,152
1748.4,140.8,198,198,153.6,162,182,172,190,162,190
1666.8,176,158.4,158.4,192,162,182,172,152,162,152
1693.6,176,198,198,153.6,162,162.4,172,190,129.6,152
1652,140.8,158.4,158.4,192,162,182,137.6,190,178.8,152
1792,176,214.8,158.4,208.8,178.8,145.6,188.8,168.8,162,190
1726.8,157.6,198,175.2,153.6,129.6,182,172,190,162,206.8
1668.4,176,158.4,158.4,192,162,145.6,172,190,162,152
1716,140.8,198,212,192,162,145.6,137.6,190,162,190
1672.07,176,158.37,158.37,192,161.97,181.96,171.97,189.96,129.6,151.97
1705.66,175.96,198,158.37,153.57,162,182,172,152,161.97,190
1716,140.8,198,198,192,162,145.6,137.6,190,162,190
1744,176,158.4,198,153.6,162,182,172,190,162,190
1617.2,140.8,198,158.4,153.6,129.6,198.8,172,152,162,152
1703.6,176,158.4,158.4,153.6,162,182,137.6,206.8,178.8,190
1707.6,140.8,175.2,198,208.8,178.8,145.6,188.8,190,129.6,152
1760.4,192.8,158.4,214.8,192,162,182,137.6,152,162,206.8
1668,176,198,158.4,153.6,161.97,182,172,152,162,152
1676.4,140.8,158.4,198,192,162,145.6,137.6,190,162,190
1745.65,176,197.96,197.96,191.96,161.97,181.96,171.97,151.97,162,151.97
1744,175.96,198,158.4,153.57,162,182,172,190,161.97,190
1676.8,140.8,158.4,198,192,129.6,182,172,190,162,152
1559.6,176,158.4,158.4,153.6,162,145.6,172,152,129.6,152
1703.6,176,158.4,158.4,153.6,162,198.8,137.6,190,178.8,190
1761.2,176,158.4,198,192,162,182,172,206.8,162,152
1662,140.8,175.2,158.4,170.4,178.8,145.6,188.8,152,162,190
1723.6,192.8,198,214.8,153.6,162,182,137.6,152,162,168.8
1706.4,176,158.4,158.4,192,162,145.6,172,190,162,190
1641.2,176,158.4,198,153.6,129.6,182,172,152,129.6,190
1710.4,140.8,198,198,153.6,162,182,172,190,162,152
1595.6,176,158.4,158.4,153.6,162,145.6,137.6,152,162,190
1704.8,176,158.4,158.4,192,162,182,172,152,162,190
1726,176,198,198,153.6,162,162.4,172,190,162,152
1654.8,176,158.4,158.4,192,162,182,137.6,152,146.4,190
1686,176,158.4,198,170.4,129.6,182,188.8,168.8,162,152
1764.8,182.8,217.2,240,195.6,220.8,187.6,214,232,204,248.8
1777.6,192.8,198,175.2,153.6,162,182,172,190,162,190
1710,176,158.4,198,192,162,182,137.6,152,162,190
1556.8,140.8,158.4,158.4,153.6,162,145.6,172,152,162,152
1677.6,176,198,158.4,192,162,182,137.6,152,129.6,190
1672,176,158.4,158.4,153.6,129.6,182,172,190,162,190
1674.4,140.8,198,198,192,162,145.6,172,152,162,152
1764.8,176,158.4,198,192,162,198.8,137.6,190,162,190
1648.4,176,198,158.4,153.6,162,145.6,172,152,178.8,152
1726.8,140.8,198,198,208.8,162,182,154.4,168.8,162,152
1810.84,175.96,214.76,175.16,153.57,178.76,181.96,171.97,189.96,161.97,206.76
1617.6,157.6,158.4,158.4,192,162,145.6,172,190,129.6,152
1711.2,176,198,198,153.6,162,182,137.6,152,162,190
1708,176,198,158.4,192,162,145.6,172,190,162,152
1750,176,158.4,198,192,129.6,182,172,190,162,190
1676.4,140.8,198,158.4,192,162,145.6,137.6,190,162,190
1599.2,176,158.4,198,153.6,162,145.6,172,152,129.6,152
1759.6,176,158.4,158.4,192,162,198.8,172,190,162,190
1646.8,176,158.4,158.4,153.6,162,145.6,172,190,178.8,152
1759.6,140.8,198,158.4,208.8,162,182,188.8,206.8,162,152
1714,192.8,175.2,175.2,153.6,178.8,145.6,172,152,162,206.8
1711.2,176,198,198,153.6,162,182,137.6,190,162,152
1686.4,140.8,158.4,158.4,192,162,198.8,172,152,162,190
1724.8,176,198,158.4,192,162,145.6,172,190,178.8,152
1757.6,176,175.2,198,170.4,146.4,182,188.8,168.8,162,190
1650.8,157.6,158.4,175.2,153.6,162,145.6,172,190,129.6,206.8
1772,204,226,186.4,181.6,190,210,200,232,190,218
1686.46,175.96,197.96,158.37,191.96,161.97,162.37,171.97,151.97,161.97,151.97
1707.66,140.8,158.37,197.96,153.57,161.97,181.96,137.57,206.76,178.8,189.96
1751.65,175.96,214.8,158.37,170.37,178.8,182,188.8,152,161.97,168.77
1739.65,192.8,158.37,175.2,192,161.97,145.57,171.97,189.96,162,189.96
1725.6,140.77,198,158.4,153.6,162,198.8,172,190,161.97,190
1631.6,176,158.4,198,153.6,162,145.6,172,152,162,152
1801.6,176,198,198,153.6,129.6,182,188.8,206.8,178.8,190
1700,140.8,175.2,158.4,170.4,178.8,145.6,172,190,162,206.8
1673.2,192.8,198,175.2,192,162,182,137.6,152,129.6,152
1726,176,198,198,153.6,162,162.4,172,190,162,152
1683.2,176,158.4,158.4,153.6,162,182,172,168.8,162,190
1798,176,198,198,192,162,145.6,188.8,190,178.8,168.8
1686.8,140.8,175.2,198,170.4,178.8,182,137.6,152,162,190
1779.6,192.8,198,175.2,192,162,145.6,172,190,162,190
1759.6,176,158.4,158.4,192,162,198.8,172,190,162,190
1639.67,176,197.96,198,153.6,129.57,145.57,171.97,168.77,146.4,151.97
1781.6,176,198,158.4,192,162,182,154.4,190,162,206.8
1701.6,157.6,175.2,198,170.4,178.8,145.6,172,152,162,190
1816,176,198,175.2,192,162,198.8,172,190,162,190
1744.4,176,158.4,198,192,162,182,172,152,162,190
1668.8,176,198,158.4,153.6,162,145.6,137.6,168.8,178.8,190
1783.6,140.8,214.8,198,208.8,129.6,182,188.8,190,162,168.8
1646.4,192.8,158.4,175.2,153.6,178.8,182,172,152,129.6,152
1799.2,176,158.4,198,192,162,198.8,172,190,162,190
1707.6,176,158.4,198,153.6,162,145.6,172,190,162,190
1771.6,204,240,186.4,234,190,210,179.6,196.8,206.8,218
1793.2,140.8,214.8,158.4,208.8,178.8,182,188.8,190,162,168.8
1707.2,192.8,158.4,214.8,153.6,129.6,182,172,152,162,190
1722.8,176,198,158.4,153.6,162,198.8,172,190,162,152
1620.8,140.8,198,158.4,153.6,162,182,137.6,152,146.4,190
1724.4,176,198,158.4,153.6,162,145.6,172,206.8,162,190
1750.45,175.96,175.16,158.37,208.76,178.76,181.96,188.76,151.97,161.97,168.77
1742.05,157.57,197.96,175.16,153.57,161.97,181.96,171.97,189.96,161.97,189.96
1618,176,198,158.4,153.6,129.6,198.8,137.6,152,162,152
1800.04,175.96,197.96,197.96,153.57,161.97,181.96,171.97,189.96,178.76,189.96
1650.4,176,158.4,158.4,192,162,182,154.4,168.8,129.6,168.8
1722.8,140.8,214.8,158.4,170.4,178.8,145.6,172,190,162,190
1854.86,192.72,197.92,214.71,191.92,161.94,181.93,171.93,189.92,161.94,189.92
1682.86,175.96,158.37,158.37,153.57,161.97,198.76,171.97,151.97,161.97,189.96
1726.8,176,158.4,198,192,162,182,137.6,190,178.8,152
1644.21,140.72,158.31,158.31,153.51,161.9,145.51,188.69,168.7,161.9,206.68
1833.23,192.76,214.76,214.76,208.76,178.73,181.96,137.57,189.96,161.97,151.97
1615.28,140.77,158.4,158.37,153.57,129.6,198.8,172,190,161.97,151.97
1675.6,176,158.4,198,192,162,145.6,172,190,129.6,152
1754.8,176,158.4,158.4,153.6,162,182,188.8,206.8,178.8,190
1575.6,140.8,158.4,158.4,153.6,162,182,137.6,152,162,168.8
1774.8,192.8,175.2,198,170.4,178.8,145.6,172,190,162,190
1705.72,175.93,158.34,197.92,191.92,161.94,181.93,171.93,151.94,161.94,151.94
1674.07,140.77,197.96,158.37,153.57,161.97,181.96,137.57,189.96,161.97,189.96
1646.47,175.96,158.37,175.16,153.57,161.97,145.57,171.97,189.96,161.97,151.97
1616.55,140.74,197.92,158.34,153.54,161.94,198.72,171.93,151.94,129.55,151.94
1828.4,204,226,226,181.6,190,210,200,218,206.8,232
1614,176,158.4,158.4,192,129.6,145.6,154.4,168.8,162,168.8
1720.86,157.57,214.76,158.37,170.37,161.97,181.96,171.97,189.96,161.97,151.97
1612.08,175.96,158.37,158.37,153.57,178.76,145.57,137.57,151.97,161.97,189.96
1708.86,140.77,197.96,158.37,191.96,161.97,181.96,171.97,189.96,161.97,151.97
1684.8,176,158.4,175.2,153.6,162,145.6,172,190,162,190
1635.75,140.77,197.96,158.34,153.54,161.97,181.96,137.57,189.96,161.97,151.94
1683.2,176,158.4,158.4,153.6,162,198.8,172,190,162,152
1654.87,176,197.96,158.37,153.6,129.57,145.57,188.76,168.77,146.4,189.96
1724.8,157.57,175.2,198,153.57,162,182,137.6,190,161.97,206.8
1701.66,175.96,158.37,158.37,208.76,178.76,145.57,171.97,189.96,161.97,151.97
1747.65,175.96,197.96,158.37,191.96,161.97,181.96,137.57,189.96,161.97,189.96
1632.47,140.8,158.37,198,153.6,161.97,181.96,171.97,151.97,162,151.97
1720.86,175.93,158.37,175.13,153.54,161.97,181.96,171.97,189.96,161.94,189.96
1690.4,176,198,158.4,192,162,162.4,137.6,152,162,190
1673.6,176,158.4,198,153.6,162,182,172,190,129.6,152
1688.4,140.8,198,158.4,153.6,162,145.6,154.4,206.8,178.8,190
1811.2,192.8,175.2,198,170.4,162,182,172,190,162,206.8
1617.2,140.8,198,158.4,153.6,146.4,182,172,152,162,152
1672,176,158.4,158.4,192,162,145.6,137.6,190,162,190
1745.6,176,198,198,153.6,162,182,172,190,162,152
1764.8,176,198,175.2,192,162,182,137.6,190,162,190
1684.8,176,158.4,198,153.6,162,198.8,172,152,162,152
1689.2,140.8,158.4,158.4,192,162,145.6,188.8,206.8,146.4,190
1779.6,176,214.8,198,192,162,182,172,152,162,168.8
1794.4,192.8,198,158.4,170.4,178.8,182,172,190,162,190
1669.6,190,158.4,198,153.6,176,145.6,172,152,162,190
1635.6,176,198,158.4,153.6,129.6,182,172,152,162,152
1752.4,140.8,198,198,192,162,182,137.6,190,162,190
1745.2,176,198,175.2,153.6,162,198.8,172,190,129.6,190
1613.2,140.8,158.37,198,153.6,162,145.6,188.8,152,162,152
1739.6,175.96,198,158.4,153.6,162,182,172,168.8,178.76,190
1708.4,192.8,214.8,158.4,208.8,129.6,145.6,137.6,190,162,168.8
1687.6,140.8,198,158.4,153.6,178.8,182,172,152,162,190
1630,176,158.4,158.4,153.6,162,145.6,172,190,162,152
1751.6,176,198,198,192,162,182,172,152,129.6,190
1577.2,140.8,158.37,175.2,153.6,161.97,145.57,137.57,151.97,162,190
1721.6,176,158.4,158.4,192,162,198.8,172,190,162,152
1797.6,176,198,198,153.6,162,145.6,188.8,206.8,178.8,190
1611.2,157.6,175.2,158.4,153.6,129.6,182,172,152,162,168.8
1799.2,176,158.4,198,208.8,162,182,172,190,162,190
1646.8,176,158.4,158.4,153.6,178.8,145.6,172,190,162,152
1564,140.8,158.4,198,153.6,162,145.6,172,152,129.6,152
1759.6,176,158.4,175.2,192,162,182,172,190,162,190
1577.2,140.8,158.4,158.4,153.6,162,162.4,137.6,190,162,152
1723.2,176,198,158.4,192,162,182,188.8,152,162,152
1670.4,140.8,158.4,158.4,153.6,129.6,182,172,206.8,178.8,190
1756.8,192.8,175.2,198,192,162,182,172,152,162,168.8
1701.6,176,158.4,158.4,170.4,178.8,145.6,172,190,162,190
1704.8,176,158.4,158.4,192,162,182,172,152,162,190
1598.4,140.8,158.4,198,153.6,162,182,137.6,152,162,152
1659.6,176,198,175.2,153.6,129.6,145.6,172,190,129.6,190
1613.2,140.8,158.4,198,153.6,162,162.4,172,152,162,152
1798,232,214.4,214.4,248,218,238,210.4,262.8,218,246
1689.2,140.8,158.4,198,153.6,162,145.6,172,190,178.8,190
1678,192.8,175.2,158.4,170.4,178.8,182,137.6,152,162,168.8
1639.67,140.77,158.37,197.96,153.57,129.57,145.57,171.97,189.96,161.97,189.96
1670.4,176,158.4,158.4,192,162,182,137.6,190,162,152
1651.2,140.8,158.4,214.8,153.6,162,145.6,172,152,162,190
1634,176,158.4,158.4,153.6,162,182,172,190,129.6,152
1632.87,157.6,158.37,158.37,153.6,129.57,162.37,154.37,189.96,162,206.76
1812.8,175.96,214.8,197.96,170.37,178.8,182,172,168.8,161.97,190
1612.4,176,158.4,158.4,153.6,162,145.6,137.6,190,178.8,152
1709.2,140.8,158.4,198,192,162,182,172,152,162,190
1646.8,176,158.4,175.2,153.6,162,145.6,172,190,162,152
1636.4,140.8,158.4,198,153.6,162,182,137.6,152,162,190
1738,192.8,175.2,198,170.4,129.6,162.4,188.8,190,162,168.8
1759.6,140.8,198,158.4,192,178.8,182,172,168.8,178.8,190
1635.2,176,158.4,198,153.6,162,145.6,137.6,190,162,152
1598.8,140.8,158.4,158.4,153.6,162,182,172,152,129.6,190
1686.4,176,158.4,214.8,153.6,162,145.6,172,152,162,190
1581.2,140.8,158.4,158.4,153.6,129.6,198.8,137.6,190,162,152
1848.03,192.76,214.76,197.96,208.76,161.97,145.57,188.76,168.77,161.97,206.76
1664.47,140.77,158.37,158.37,153.57,178.76,181.96,171.97,189.96,178.76,151.97
1668.4,176,158.4,158.4,192,162,145.6,172,152,162,190
1640.8,176,158.4,198,153.6,162,145.6,137.6,190,129.6,190
1652.4,176,198,175.2,153.6,129.6,182,172,152,162,152
1723.2,157.6,158.4,198,192,162,162.4,188.8,152,162,190
1828,176,214.8,158.4,170.4,178.8,182,172,206.8,162,206.8
1652.07,175.96,158.37,197.96,191.96,161.97,145.57,137.57,151.97,192.76,151.97
1669.2,140.8,158.4,158.4,153.6,162,182,172,190,162,190
1620,176,158.4,214.8,153.6,129.6,182,172,152,129.6,152
1676.4,140.8,198,158.4,192,162,145.6,137.6,190,162,190
1752,192.8,175.2,198,153.6,162,198.8,188.8,152,162,168.8
1849.6,176,198,158.4,208.8,178.8,182,172,206.8,178.8,190
1596.8,140.8,158.4,158.4,153.6,162,182,137.6,190,162,152
1708,176,198,158.4,192,162,145.6,172,152,162,190
1650.8,176,158.4,175.2,153.6,162,182,172,190,129.6,152
1710,140.8,198,198,192,162,198.8,154.4,152,162,152
1674.4,192.8,175.2,118.8,170.4,162,145.6,172,206.8,162,168.8
1782.4,140.8,198,198,192,178.8,182,172,152,178.8,190
1561.6,176,158.4,158.4,153.6,129.6,182,137.6,152,162,152
1669.6,176,198,158.4,153.6,162,145.6,172,190,162,152
1654,140.8,158.4,175.2,192,162,182,172,152,129.6,190
1739.6,176,198,158.4,153.6,162,198.8,188.8,190,162,152
1717.2,157.6,175.2,158.4,208.8,162,145.6,172,168.8,162,206.8
1705.2,176,197.96,158.4,153.6,178.76,181.96,137.57,189.96,178.8,152
1709.2,140.8,158.4,198,192,162,182,172,190,162,152
1646.8,176,158.4,175.2,153.6,162,145.6,172,152,162,190
1721.6,176,158.4,158.4,192,162,198.8,172,190,162,152
1628,157.6,175.2,158.4,153.6,162,182,188.8,152,129.6,168.8
1764,176,198,158.4,208.8,146.4,145.6,172,206.8,162,190
1683.2,176,158.4,158.4,153.6,162,182,172,190,178.8,152
1674.8,140.8,158.4,198,192,162,182,137.6,152,162,190
1724.8,176,198,175.2,192,162,145.6,172,190,162,152
1774.8,190,172.4,212,167.6,176,212.8,186,204,176,204
1731.2,192.8,175.2,158.4,208.8,162,145.6,188.8,168.8,162,168.8
1821.2,176,198,198,192,178.8,182,137.6,190,178.8,190
1594.8,140.8,158.4,158.4,153.6,162,145.6,172,152,162,190
1736,176,198,214.8,192,129.6,182,172,190,129.6,152
1594,176,158.4,158.4,153.6,162,182,137.6,152,162,152
1765.6,140.8,198,198,192,162,198.8,172,152,162,190
1785.6,192.8,175.2,198,170.4,178.8,182,188.8,168.8,162,168.8
1724.8,176,198,158.4,192,162,145.6,172,190,178.8,152
1599.6,176,158.4,158.4,153.6,162,182,137.6,152,129.6,190
1617.2,140.8,198,175.2,153.6,129.6,182,172,152,162,152
1704.4,176,158.4,158.4,153.6,162,182,172,190,162,190
1711.6,176,198,198,192,162,182,137.6,152,162,152
1611.6,140.8,158.4,158.4,153.6,162,162.4,172,190,162,152
1832.8,192.8,158.4,198,192,162,182,188.8,190,162,206.8
1698.8,176,214.8,158.4,170.4,178.8,145.6,172,168.8,162,152
1838.8,176,198,198,192,162,182,172,190,178.8,190
1557.6,176,158.4,158.4,153.6,162,145.6,137.6,152,162,152
1771.2,140.8,198,214.8,192,162,182,172,190,129.6,190
1669.6,176,158.4,198,153.6,162,145.6,172,190,162,152
1601.2,176,158.4,198,153.6,129.6,182,137.6,152,162,152
1611.6,140.8,158.4,158.4,153.6,162,162.4,172,152,162,190
1762,192.8,214.8,198,192,162,182,154.4,152,162,152
1736.8,176,158.4,198,170.4,178.8,145.6,172,206.8,162,168.8
1615.6,140.8,158.4,158.4,153.6,162,182,172,152,146.4,190
1630.4,176,158.4,158.4,192,162,145.6,172,152,162,152
1730.05,203.96,186.36,242.75,181.56,189.96,209.96,165.57,217.96,189.96,179.96
1742.8,176,158.4,158.4,192,162,182,172,190,162,190
1634.8,140.8,198,158.4,192,162,145.6,172,152,162,152
1654.4,176,158.4,158.4,153.6,129.6,198.8,137.6,190,162,190
1758.4,192.8,214.8,158.4,192,162,145.6,188.8,190,162,152
1754.8,140.8,158.4,198,170.4,178.8,182,172,168.8,178.8,206.8
1746,176,158.4,198,192,162,145.6,172,190,162,190
1648.4,140.8,158.4,175.2,192,162,182,172,152,162,152
1648,176,198,198,153.6,129.6,145.6,137.6,190,129.6,190
1704.8,176,158.4,158.4,192,162,182,172,190,162,152
1748.4,140.8,198,198,153.6,162,182,172,190,162,190
1723.2,176,158.4,158.4,192,162,162.4,172,190,162,190
1735.2,192.8,214.8,158.4,153.6,178.8,182,188.8,152,162,152
1741.6,140.8,158.4,198,170.4,162,182,137.6,206.8,178.8,206.8
1668.4,176,158.4,158.4,192,162,145.6,172,190,162,152
1762.4,176,198,214.8,153.6,162,182,172,152,162,190
1636,176,158.4,158.4,192,129.6,145.6,172,152,162,190
1639.2,176,158.4,198,153.6,162,182,137.6,190,129.6,152
1712.4,140.8,198,198,192,162,145.6,172,152,162,190
1721.26,175.96,158.37,158.37,191.96,161.97,198.76,171.97,151.97,161.97,189.96
1812.8,192.8,214.8,198,153.6,178.8,182,188.8,190,162,152
1740,140.8,158.4,198,208.8,162,145.6,172,168.8,178.8,206.8
1637.6,176,158.4,158.4,153.6,129.6,182,137.6,190,162,190
1728.8,176,158.4,214.8,192,162,182,172,190,129.6,152
1669.6,140.8,158.4,158.4,192,162,182,172,152,162,190
1600,140.8,158.4,198,153.6,162,145.6,137.6,152,162,190
1744.4,176,198,158.4,192,162,182,172,190,162,152
1743.2,176,158.4,198,153.6,162,198.8,154.4,190,162,190
1776.04,157.57,175.16,197.96,191.96,178.76,181.96,171.97,168.77,161.97,189.96
1689.66,175.96,158.37,158.37,208.76,129.57,145.57,137.57,189.96,178.76,206.76
1638.4,140.8,158.4,198,153.6,162,182,172,152,129.6,190
1647.2,176,158.4,175.2,192,162,145.6,172,152,162,152
1709.6,176,158.4,198,153.6,162,182,137.6,190,162,190
1703.75,140.35,197.37,157.89,191.39,161.48,181.42,171.45,151.52,161.48,189.39
1692.8,176,158.4,158.4,192,162,198.8,137.6,190,129.6,190
1648.4,176,158.4,198,153.6,162,145.6,188.8,152,162,152
1754.8,192.8,175.2,158.4,153.6,178.8,182,172,190,162,190
1743.6,140.8,198,198,208.8,162,182,137.6,168.8,178.8,168.8
1635.6,176,158.4,158.4,153.6,129.6,145.6,172,190,162,190
1652.4,176,158.4,214.8,153.6,162,182,172,152,129.6,152
1636.8,140.8,158.4,158.4,192,162,145.6,137.6,190,162,190
1666.4,176,158.4,158.4,153.6,162,182,172,190,162,152
1653.6,140.8,158.4,198,192,162,198.8,137.6,152,162,152
1764,176,198,198,153.6,162,145.6,188.8,190,162,190
1700,157.6,175.2,158.4,192,178.8,182,172,168.8,146.4,168.8
1690.4,176,158.4,198,208.8,162,145.6,137.6,190,162,152
1631.2,140.8,158.4,158.4,153.6,162,182,172,152,162,190
1601.6,176,158.4,158.4,192,129.6,145.6,137.6,190,162,152
1704.4,176,158.4,158.4,153.6,162,182,172,190,162,190
1688.8,176,198,175.2,192,162,182,137.6,152,162,152
1632.47,140.8,158.37,158.37,153.57,161.97,145.57,171.97,189.96,162,189.96
1634.07,175.96,158.4,158.37,191.96,162,182,172,152,129.57,151.97
1782.8,176,198,198,153.6,162,198.8,154.4,190,162,190
1682,157.6,175.2,158.4,192,178.8,182,172,152,162,152
1664,140.8,158.4,158.4,170.4,162,182,137.6,206.8,178.8,168.8
1666.8,176,158.4,158.4,192,162,182,172,152,162,152
1637.2,176,198,158.4,153.6,129.6,145.6,172,190,162,152
1670,176,158.4,158.4,153.6,162,182,137.6,190,162,190
1723.2,176,198,175.2,192,162,182,172,152,162,152
1561.69,140.77,158.37,197.96,153.57,161.97,145.57,137.57,151.97,161.97,151.97
1711.6,176,198,158.4,153.6,162,182,172,190,129.6,190
1706.4,176,158.4,198,192,162,182,172,152,162,152
1674.4,176,198,158.4,153.6,129.6,162.4,154.4,190,162,190
1816,157.6,214.8,198,192,178.8,182,172,168.8,162,190
1720,176,158.4,198,170.4,162,145.6,172,190,178.8,168.8
1677.6,176,198,158.4,192,162,182,137.6,152,129.6,190
1669.6,176,158.4,198,153.6,162,145.6,172,190,162,152
1709.2,140.8,198,158.4,192,162,182,172,152,162,190
1686.4,176,158.4,214.8,153.6,162,145.6,172,152,162,190
1673.2,140.8,158.4,158.4,192,162,182,137.6,190,162,190
1707.6,176,198,198,153.6,162,182,172,152,162,152
1690.8,176,158.4,158.4,192,129.6,162.4,172,190,162,190
1736.45,157.57,175.16,158.37,191.96,178.76,181.96,188.76,151.97,161.97,189.96
1634.8,176,158.4,198,153.6,162,182,137.6,168.8,146.4,152
1743.2,176,198,198,208.8,162,145.6,172,152,162,168.8
1708.8,140.8,158.4,198,153.6,162,182,172,190,162,190
1744.4,176,197.96,158.4,192,161.97,181.96,171.97,151.97,162,190
1712.8,175.96,198,198,153.57,162,145.6,137.6,190,161.97,190
1688,140.8,158.4,214.8,192,162,182,172,152,162,152
1599.2,176,198,158.4,153.6,162,145.6,172,152,129.6,152
1750,176,158.4,198,192,129.6,182,172,190,162,190
1721.6,176,158.4,158.4,192,162,198.8,172,152,162,190
1667.2,157.6,175.2,198,153.6,178.8,145.6,154.4,152,162,190
1755.2,176,158.4,158.4,192,162,182,172,206.8,178.8,168.8
1768.4,176,198,198,208.8,162,182,172,152,129.6,190
1666.4,176,158.4,158.4,153.6,162,182,172,190,162,152
1566.4,140.8,158.4,158.4,192,129.6,145.6,137.6,152,162,190
1744.4,176,158.4,198,192,162,182,172,190,162,152
1683.2,176,158.4,175.2,153.6,162,182,172,190,162,152
1747.2,140.8,158.4,198,192,162,182,172,190,162,190
1630.4,176,158.4,158.4,192,162,145.6,172,152,162,152
1722,176,158.4,198,153.6,178.8,198.8,154.4,190,162,152
1707.6,192.8,175.2,158.4,192,162,145.6,172,190,129.6,190
1700,140.8,158.4,198,170.4,162,182,172,168.8,178.8,168.8
1706.4,176,158.4,158.4,192,162,145.6,172,190,162,190
1602.4,140.8,158.4,198,192,129.6,145.6,172,152,162,152
1744,176,158.4,198,153.6,162,182,172,190,162,190
1723.2,176,198,175.2,192,162,182,172,152,162,152
1560.4,140.8,158.4,158.4,153.6,162,145.6,137.6,190,162,152
1751.6,176,198,198,192,162,182,172,152,129.6,190
1650,140.8,158.4,158.4,192,162,162.4,172,152,162,190
1710.12,175.93,158.34,197.92,153.54,146.34,181.93,154.34,189.92,161.94,189.92
1679.2,157.6,175.2,158.4,192,162,145.6,172,168.8,178.8,168.8
1806.4,176,198,198,208.8,162,182,172,190,129.6,190
1628.4,176,158.4,158.4,153.6,162,182,172,152,162,152
1668,176,158.4,158.4,153.6,162,145.6,172,190,162,190
1558.8,140.8,158.4,158.4,153.6,162,182,137.6,152,162,152
1728.4,176,198,175.2,153.6,162,182,172,190,129.6,190
1751.6,176,198,198,192,129.6,182,172,152,162,190
1596.8,140.8,158.4,158.4,153.6,162,182,137.6,190,162,152
1724.8,176,198,158.4,192,162,162.4,172,152,162,190
1743.2,157.6,214.8,198,153.6,178.8,182,154.4,152,162,190
1772,176,158.4,158.4,208.8,162,182,172,206.8,178.8,168.8
1669.6,176,198,158.4,153.6,162,145.6,172,152,162,190
1642.07,140.8,197.96,158.37,191.96,161.97,181.96,137.57,151.97,129.6,189.96
1667.67,175.96,158.37,158.37,153.57,161.97,145.57,171.97,189.96,161.97,189.96
1761.2,176,198,175.2,192,162,182,172,190,162,152
1782.4,176,158.4,198,192,162,182,172,190,162,190
1595.6,176,158.4,158.4,153.6,162,145.6,137.6,152,162,190
1642.8,140.8,158.4,158.4,192,129.6,182,172,190,129.6,190
1740,176,198,158.4,192,178.8,198.8,172,152,162,152
1826.8,192.8,175.2,158.4,192,162,182,188.8,206.8,178.8,190
1708.4,176,198,198,170.4,162,145.6,137.6,152,162,206.8
1669.6,140.8,158.4,158.4,192,162,182,172,190,162,152
1715.6,176,198,158.4,192,129.6,182,137.6,190,162,190
1707.6,176,198,158.4,153.6,162,145.6,172,190,162,190
1683.6,176,158.4,175.2,192,162,182,172,152,162,152
1707.6,176,198,158.4,153.6,162,145.6,172,190,162,190
1601.2,176,158.4,198,153.6,162,182,137.6,152,129.6,152
1668,140.8,198,158.4,153.6,178.8,162.4,172,190,162,152
1777.6,192.8,175.2,158.4,192,129.6,182,188.8,190,178.8,190
1685.6,176,198,158.4,170.4,162,145.6,137.6,206.8,162,168.8
1706,176,158.4,198,153.6,162,182,172,152,162,190
1669.6,176,198,158.4,153.6,162,145.6,172,190,162,152
1708.4,176,158.4,158.4,192,162,182,137.6,190,162,190
1573.6,140.8,158.4,175.2,153.6,162,145.6,172,152,162,152
1706,176,198,158.4,153.6,162,182,172,190,162,152
1750,176,158.4,198,192,129.6,182,172,190,162,190
1686.4,176,198,158.4,153.6,162,162.4,172,152,162,190
1688.4,192.8,158.4,158.4,192,178.8,182,154.4,190,129.6,152
1663.6,140.8,214.8,158.4,170.4,162,145.6,172,168.8,178.8,152
1722.8,176,198,158.4,153.6,162,182,172,190,162,168.8
1595.6,176,158.4,158.4,153.6,162,145.6,137.6,152,162,190
1709.2,140.8,198,158.4,192,162,182,172,190,162,152
1637.2,176,158.4,198,153.6,129.6,145.6,172,190,162,152
1688.4,176,198,175.2,153.6,162,182,137.6,152,162,190
1629.67,175.96,158.37,158.37,153.57,161.97,145.57,171.97,189.96,161.97,151.97
1710.75,140.63,158.21,197.76,191.77,161.81,181.78,137.44,189.77,161.81,189.77
1665.2,176,198,158.4,153.6,178.8,162.4,172,152,162,152
1782,157.6,214.8,158.4,192,129.6,182,188.8,190,178.8,190
1575.6,176,158.4,158.4,170.4,162,145.6,137.6,168.8,129.6,168.8
1745.6,176,198,198,153.6,162,182,172,152,162,190
1631.2,140.8,158.4,158.4,153.6,162,182,172,190,162,152
1785.6,176,198,198,192,162,145.6,172,190,162,190
1650.07,175.96,197.96,175.16,153.57,161.97,181.96,137.57,151.97,161.97,151.97
1704.46,175.96,158.37,158.37,191.96,162,181.96,171.97,151.97,161.97,189.96
1712,140.8,198,198,153.6,162,145.6,172,190,162,190
1667.6,176,158.4,158.4,153.6,146.4,198.8,172,190,162,152
1756.4,192.8,158.4,198,153.6,162,182,188.8,152,178.8,190
1706.8,176,175.2,158.4,208.8,162,145.6,137.6,206.8,129.6,206.8
1710.4,140.8,198,198,153.6,162,182,172,190,162,152
1744.4,176,158.4,198,192,162,182,172,152,162,190
1707.6,176,198,158.4,153.6,162,145.6,172,190,162,190
1575.6,140.8,158.4,175.2,153.6,162,182,137.6,152,162,152
1711.6,176,158.4,198,153.6,129.6,182,172,190,162,190
1668,176,158.4,198,153.6,162,182,172,152,162,152
1684.8,176,158.4,158.4,153.6,178.8,145.6,172,190,162,190
1656.4,176,158.4,198,192,162,198.8,137.6,152,129.6,152
1809.6,157.6,214.8,158.4,170.4,162,182,188.8,206.8,178.8,190
1761.2,176,158.4,198,192,162,182,172,152,162,206.8
1632,176,158.4,158.4,153.6,162,182,137.6,190,162,152
1597.28,176,158.4,158.4,153.6,129.57,145.57,171.97,151.97,162,189.96
1636.4,140.77,158.4,198,153.6,162,182,137.6,190,161.97,152
1683.2,176,158.4,175.2,153.6,162,182,172,190,162,152
1716.8,176,198,198,153.6,162,182,137.6,190,129.6,190
1625.6,140.8,118.8,158.4,192,178.8,198.8,172,152,162,152
1722.4,192.8,158.4,158.4,153.6,129.6,182,188.8,190,178.8,190
1664.4,176,175.2,198,170.4,162,145.6,137.6,168.8,162,168.8
1708.8,140.8,198,158.4,153.6,162,182,172,190,162,190
1706.4,176,158.4,198,192,162,182,172,152,162,152
1557.6,176,158.4,158.4,153.6,162,145.6,137.6,152,162,152
1618.4,176,158.4,175.2,153.6,129.6,182,172,190,129.6,152
1708.8,140.8,158.4,198,153.6,162,182,172,190,162,190
1690.4,176,198,158.4,192,178.8,145.6,137.6,190,162,152
1700,157.6,158.4,198,153.6,162,198.8,188.8,152,178.8,152
1722.4,176,175.2,158.4,153.6,129.6,182,172,206.8,162,206.8
1728,176,198,198,170.4,162,182,137.6,190,162,152
1672,176,158.4,158.4,153.6,162,182,172,190,129.6,190
1672.8,140.8,158.4,198,192,162,145.6,172,152,162,190
1690.4,176,158.4,214.8,153.6,129.6,182,172,190,162,152
1673.2,176,198,158.4,153.6,162,145.6,137.6,190,162,190
1709.2,140.8,158.4,198,192,162,182,172,190,162,152
1754.8,176,158.4,158.4,153.6,178.8,198.8,172,190,178.8,190
1776.4,192.8,214.8,198,153.6,162,145.6,188.8,168.8,162,190
1672.8,176,158.4,198,170.4,129.6,182,137.6,190,162,168.8
1668,176,158.4,158.4,153.6,162,145.6,172,190,162,190
1709.2,140.8,198,158.4,192,162,182,172,152,162,190
1677.2,176,158.4,198,153.6,162,182,137.6,190,129.6,190
1648.4,176,158.4,214.8,153.6,162,145.6,172,152,162,152
1712.8,140.8,198,158.4,192,162,182,137.6,190,162,190
1756.4,176,158.4,198,153.6,178.8,198.8,172,152,178.8,190
1596.4,157.6,158.4,158.4,192,129.6,145.6,188.8,152,162,152
1760,176,214.8,158.4,153.6,162,182,137.6,206.8,162,206.8
1579.2,140.8,158.4,158.4,170.4,162,145.6,172,152,129.6,190
1706.4,176,158.4,198,192,162,182,172,152,162,152
1668,176,158.4,158.4,153.6,162,145.6,172,190,162,190
1615.2,140.8,198,175.2,153.6,162,182,137.6,152,162,152
1630,176,158.4,158.4,153.6,162,145.6,172,152,162,190
1638.8,140.8,158.4,198,192,129.6,182,172,152,162,152
1700.8,176,158.4,158.4,153.6,178.8,162.4,154.4,190,178.8,190
1759.6,157.6,175.2,198,192,162,182,172,168.8,162,190
1740,176,198,158.4,208.8,162,182,172,152,162,168.8
1711.6,176,158.4,198,153.6,162,182,172,190,129.6,190
1600,140.8,198,158.4,153.6,162,145.6,137.6,152,162,190
1784,176,198,198,192,162,182,172,190,162,152
1577.6,140.8,158.4,175.2,153.6,129.6,182,172,152,162,152
1713.2,176,198,198,192,162,145.6,137.6,152,162,190
1703.2,176,198,158.4,153.6,178.8,145.6,172,190,178.8,152
1889.2,192.8,214.8,198,192,162,198.8,188.8,190,162,190
1615.2,140.8,158.4,158.4,208.8,162,182,137.6,168.8,129.6,168.8
1747.2,176,198,198,153.6,162,145.6,172,190,162,190
1744.4,176,198,158.4,192,162,182,172,190,162,152
1669.6,176,158.4,198,153.6,162,145.6,172,152,162,190
1731.6,140.8,198,175.2,192,129.6,182,172,190,162,190
1671.2,176,198,198,153.6,162,145.6,172,152,162,152
1693.2,140.8,198,158.4,192,178.8,145.6,137.6,190,162,190
1716.8,176,158.4,158.4,153.6,162,198.8,188.8,190,178.8,152
1738.4,157.6,214.8,158.4,208.8,162,182,172,152,162,168.8
1652.4,176,158.4,158.4,153.6,162,145.6,172,206.8,129.6,190
1709.2,140.8,198,158.4,192,162,182,172,152,162,190
1713.2,176,198,198,192,162,145.6,137.6,190,162,152
1662,140.8,158.4,175.2,153.6,162,162.4,188.8,152,178.8,190
1707.2,192.8,214.8,158.4,153.6,129.6,182,172,152,162,190
1776.4,140.8,198,158.4,208.8,178.8,182,172,206.8,162,168.8
1630,176,158.4,158.4,153.6,162,145.6,172,152,162,190
1748.8,140.8,198,198,192,162,182,172,190,162,152
1580,176,158.4,158.4,153.6,162,145.6,137.6,152,146.4,190
1776,157.6,198,175.2,153.6,162,198.8,188.8,190,162,190
1793.2,176,214.8,198,170.4,178.8,145.6,172,206.8,162,168.8
1706.06,175.96,158.37,197.96,191.96,161.97,181.96,171.97,151.97,161.97,151.97
1634.8,140.8,158.4,158.4,153.6,162,182,137.6,190,162,190
1654,176,158.4,198,153.6,129.6,145.6,172,152,178.8,190
1759.6,176,198,214.8,153.6,162,162.4,188.8,190,162,152
1753.6,157.6,175.2,158.4,208.8,162,182,172,168.8,162,206.8
1577.14,175.86,158.27,158.27,153.48,178.66,181.85,137.49,151.88,129.5,151.88
1714.46,175.96,197.96,197.96,153.57,129.57,145.57,171.97,189.96,161.97,189.96
1647.67,140.77,158.37,158.37,153.57,161.97,181.96,171.97,189.96,178.76,151.97
1720.8,176,158.4,175.2,192,162,198.8,154.4,152,162,190
1889.2,192.8,214.8,198,192,162,182,172,206.8,162,206.8
1663.6,176,158.4,158.4,170.4,178.8,145.6,172,152,162,190
1633.2,140.8,158.4,158.4,192,162,145.6,172,190,162,152
1732.4,176,198,158.4,192,129.6,182,137.6,190,178.8,190
1703.2,176,158.4,198,153.6,162,162.4,188.8,152,162,190
1759.6,157.6,198,175.2,192,162,182,172,206.8,162,152
1779.2,176,175.2,198,208.8,178.8,182,172,152,129.6,206.8
1560.4,140.8,158.4,158.4,153.6,162,145.6,137.6,190,162,152
1724.06,175.96,197.96,197.96,153.57,161.97,181.96,171.97,151.97,178.76,151.97
1671.67,175.96,158.37,158.37,153.57,129.6,181.96,171.97,189.96,161.97,189.96
1806.8,192.8,158.4,214.8,153.6,162,198.8,188.8,168.8,162,206.8
1690.8,140.8,214.8,158.4,208.8,178.8,145.6,172,190,129.6,152
1668,176,158.4,198,153.6,162,182,172,152,162,152
1648.4,176,198,158.4,153.6,162,145.6,172,152,178.8,152
1671.6,176,158.4,198,153.6,162,182,137.6,152,162,190
1778,157.6,198,175.2,192,162,162.4,188.8,190,162,190
1682.4,176,175.2,158.4,153.6,162,182,137.6,168.8,162,206.8
1716.4,176,198,198,208.8,146.4,145.6,172,190,129.6,152
1668,176,198,158.4,153.6,162,182,172,152,162,152
1727.6,140.8,158.4,198,192,162,145.6,172,190,178.8,190
1627.6,176,158.4,158.4,153.6,162,198.8,154.4,152,162,152
1888.82,192.76,197.96,214.76,191.96,161.97,181.96,171.97,206.76,161.97,206.76
1610,176,175.2,158.4,170.4,146.4,145.6,172,152,162,152
1748,176,158.4,198,192,162,182,137.6,190,162,190
1573.6,140.8,158.4,158.4,153.6,162,145.6,172,152,178.8,152
1766.4,176,198,198,192,162,198.8,137.6,190,162,152
1629.6,157.6,158.4,175.2,153.6,162,145.6,188.8,168.8,129.6,190
1773.2,176,214.8,158.4,170.4,178.8,182,172,190,162,168.8
1676,176,158.4,158.4,192,129.6,182,137.6,190,162,190
1684.8,176,158.4,198,153.6,162,182,172,152,178.8,152
1746.85,140.8,197.96,158.37,192,161.97,181.96,171.97,189.96,162,189.96
1702.8,192.76,158.4,214.8,191.96,162,162.4,154.4,152,161.97,152
1794.04,176,214.76,158.37,153.6,161.97,181.96,171.97,206.76,162,206.76
1706,175.96,158.4,158.4,208.76,178.8,182,172,152,129.57,190
1676.8,140.8,198,158.4,192,129.6,182,172,190,162,152
1614,176,158.4,198,153.6,162,145.6,137.6,152,178.8,152
1832.8,176,198,175.2,192,162,198.8,188.8,190,162,190
1776.4,157.6,175.2,198,192,162,182,172,206.8,162,168.8
1700,176,158.4,158.4,170.4,178.8,182,172,152,162,190
1675.2,176,198,198,192,162,145.6,137.6,152,162,152
1636.8,140.8,158.4,158.4,153.6,162,182,172,190,129.6,190
1712,176,158.4,198,192,129.6,182,172,190,162,152
1706,176,198,158.4,153.6,162,182,172,152,162,190
1631.2,140.8,158.4,158.4,153.6,162,182,172,190,162,152
1599.6,176,158.4,158.4,153.6,162,182,137.6,190,129.6,152
1721.6,176,158.4,158.4,192,162,182,172,152,178.8,190
1645.2,157.6,158.4,158.4,153.6,162,162.4,188.8,190,162,152
1780.4,176,214.8,214.8,153.6,129.6,182,172,206.8,162,168.8
1700,176,158.4,158.4,170.4,178.8,182,172,152,162,190
1704.4,176,158.4,158.4,153.6,162,182,172,190,162,190
1595.2,140.8,158.4,158.4,192,162,145.6,172,152,162,152
1744,176,198,158.4,153.6,162,182,172,190,162,190
1594,176,158.4,158.4,153.6,162,182,137.6,152,162,152
1706,176,198,158.4,153.6,162,182,172,152,162,190
1713.26,176,158.37,197.96,192,161.97,145.57,171.97,189.96,129.6,189.96
1687.6,140.77,198,158.4,153.57,162,182,172,152,178.76,190
1779.2,192.8,198,175.2,192,129.6,198.8,188.8,190,162,152
1668.8,176,175.2,198,153.6,162,145.6,137.6,152,162,206.8
1756.8,176,198,158.4,208.8,178.8,182,172,168.8,162,152
1782.4,176,158.4,198,192,162,182,172,190,162,190
1602,140.8,198,158.4,153.6,162,145.6,172,152,129.6,190
1748,176,158.4,198,192,162,182,137.6,190,162,190
1628.4,176,158.4,158.4,153.6,162,182,172,152,162,152
1673.6,176,198,158.4,153.6,129.6,182,172,152,162,190
1632.8,140.8,158.4,158.4,153.6,162,145.6,172,190,162,190
1688.4,176,158.4,198,153.6,162,182,137.6,152,178.8,190
1817.2,192.8,198,175.2,192,162,198.8,188.8,190,129.6,190
1627.6,176,175.2,158.4,153.6,162,182,137.6,152,162,168.8
1690.4,140.8,158.4,198,170.4,146.4,145.6,172,206.8,162,190
1671.6,176,198,158.4,153.6,162,182,137.6,190,162,152
1666.8,176,158.4,158.4,192,162,182,172,152,162,152
1710.06,140.77,197.96,197.96,153.57,161.97,181.96,171.97,151.97,161.97,189.96
1599.6,176,158.4,158.4,153.6,162,182,137.6,190,129.6,152
1672.4,140.8,198,198,153.6,162,182,172,152,162,152
1708.4,176,158.4,158.4,192,162,182,137.6,190,162,190
1613.2,140.8,198,158.4,153.6,162,145.6,172,152,178.8,152
1832.8,192.8,158.4,198,192,162,198.8,188.8,190,162,190
1670.4,140.8,198,175.2,192,162,182,137.6,152,162,168.8
1778.8,176,175.2,198,170.4,146.4,182,172,206.8,162,190
1634.8,140.8,198,158.4,192,162,145.6,172,152,162,152
1639.2,176,158.4,198,153.6,162,182,137.6,190,129.6,152
1708.52,140.74,158.34,197.92,191.92,161.94,181.93,171.93,151.94,161.94,189.92
1630,176,158.4,158.4,153.6,162,145.6,172,190,162,152
1669.6,140.8,158.4,158.4,192,162,182,172,190,162,152
1747.2,176,198,198,153.6,162,145.6,172,190,162,190
1653.27,140.77,158.37,197.96,191.96,161.97,181.96,137.57,151.97,178.76,151.97
1762,192.8,198,158.4,153.6,129.6,198.8,188.8,190,162,190
1665.2,140.8,158.4,175.2,192,162,182,172,152,162,168.8
1889.2,176,214.8,198,208.8,178.8,182,172,206.8,162,190
1630,176,158.4,158.4,153.6,162,145.6,172,190,162,152
1669.6,140.8,158.4,158.4,192,162,182,172,152,162,190
1594,176,158.4,158.4,153.6,162,182,137.6,152,162,152
1600.8,140.8,158.4,158.4,192,162,145.6,172,190,129.6,152
1708,176,198,158.4,192,162,145.6,172,152,162,190
1706,176,158.4,198,153.6,162,182,172,190,162,152
1579.54,140.69,158.27,197.84,153.48,129.5,145.48,171.86,151.88,178.66,151.88
1758.8,176,158.4,175.2,192,162,198.8,154.4,190,162,190
1798.8,157.6,214.8,198,153.6,162,182,172,190,162,206.8
1642.4,176,158.4,158.4,170.4,178.8,145.6,172,168.8,162,152
1750,176,158.4,198,192,162,182,172,190,129.6,190
1709.6,176,198,158.4,153.6,162,182,137.6,190,162,190
1637.6,176,158.4,198,192,129.6,145.6,172,152,162,152
1744,176,198,158.4,153.6,162,182,172,190,162,190
1632.8,140.8,158.4,198,153.6,162,182,172,152,162,152
1711.6,176,198,158.4,192,162,145.6,137.6,190,162,190
1688.8,176,118.8,198,153.6,162,182,172,190,146.4,190
1728,176,198,175.2,192,129.6,198.8,154.4,152,162,190
1756.4,192.8,175.2,198,153.6,162,182,172,190,162,168.8
1684.4,176,158.4,158.4,208.8,178.8,145.6,137.6,168.8,162,190
1708.8,140.8,198,158.4,153.6,162,182,172,190,162,190
1631.6,140.8,158.4,158.4,192,162,182,172,152,162,152
1690,176,158.4,198,153.6,162,145.6,137.6,190,178.8,190
1667.67,176,158.37,118.78,191.96,129.57,162.37,188.76,189.96,162,189.96
1706,157.6,175.2,214.8,192,162,182,172,152,129.6,168.8
1646,176,158.4,158.4,170.4,178.8,145.6,137.6,206.8,162,152
1709.2,140.8,198,158.4,192,162,182,172,152,162,190
1628.4,176,158.4,158.4,153.6,162,182,172,152,162,152
1656.8,140.8,198,158.4,153.6,129.6,145.6,172,190,178.8,190
1703.6,176,198,158.4,192,162,162.4,188.8,152,162,152
1720.4,192.8,158.4,175.2,153.6,162,182,137.6,190,162,206.8
1773.6,176,175.2,198,208.8,178.8,182,172,168.8,162,152
1602,140.8,198,158.4,153.6,162,145.6,172,190,129.6,152
1706,176,158.4,198,153.6,162,182,172,152,162,190
1721.13,175.79,197.76,158.21,191.77,161.81,181.78,171.79,151.82,178.59,151.82
1711.2,176,158.4,198,192,129.6,198.8,154.4,190,162,152
1668,157.6,158.4,214.8,153.6,162,145.6,172,152,162,190
1750.8,176,175.2,158.4,208.8,178.8,182,172,168.8,162,168.8
1783.24,175.96,197.96,197.96,153.57,161.97,181.96,171.97,189.96,161.97,189.96
1600.88,175.96,158.4,197.96,153.57,162,182,137.6,152,129.57,151.97
1686.4,140.8,158.4,158.4,192,162,182,172,190,178.8,152
1645.2,176,158.4,158.4,153.6,162,198.8,172,152,162,152
1872.4,192.8,198,214.8,192,162,182,188.8,190,162,190
1700.8,176,175.2,198,153.6,178.8,182,137.6,168.8,162,168.8
1690.8,176,158.4,158.4,208.8,129.6,145.6,172,190,162,190
1672.4,140.8,198,198,153.6,162,182,172,152,162,152
1721.6,176,158.4,158.4,192,162,182,172,152,178.8,190
1789.6,176,198,198,192,162,182,172,190,129.6,190
1661.2,192.8,158.4,175.2,153.6,162,198.8,154.4,152,162,152
1813.2,176,175.2,198,192,178.8,145.6,172,206.8,162,206.8
1689.2,140.8,198,198,170.4,162,182,172,152,162,152
1704.4,176,158.4,158.4,153.6,162,182,172,190,162,190
1676,176,158.4,158.4,192,129.6,182,137.6,190,162,190
1686.8,176,158.4,198,192,162,145.6,172,152,178.8,152
1725.2,140.8,198,175.2,192,162,198.8,154.4,190,162,152
1753.6,192.8,175.2,198,153.6,178.8,145.6,172,168.8,162,206.8
1799.2,176,158.4,198,208.8,162,182,172,190,162,190
1676,176,158.4,158.4,192,162,182,137.6,190,129.6,190
1671.2,140.8,158.4,198,192,162,182,172,152,162,152
1724.4,176,198,158.4,153.6,162,145.6,172,190,178.8,190
1776.4,176,158.4,158.4,192,162,198.8,188.8,190,162,190
1666,157.6,175.2,175.2,153.6,129.6,182,172,190,162,168.8
1722,176,198,158.4,170.4,178.8,182,137.6,168.8,162,190
1782.4,176,158.4,198,192,162,182,172,190,162,190
1631.6,176,198,158.4,153.6,162,145.6,172,152,162,152
1725.6,140.8,198,158.4,153.6,162,182,172,190,178.8,190
1705.2,176,198,158.4,153.6,162,198.8,154.4,152,162,190
1665.2,192.8,175.2,175.2,192,129.6,145.6,172,152,162,168.8
1684.4,176,158.4,158.4,170.4,178.8,182,172,168.8,129.6,190
1672.4,140.8,198,158.4,153.6,162,145.6,172,190,162,190
1594,176,158.4,158.4,153.6,162,182,137.6,152,162,152
1707.6,176,198,158.4,153.6,162,145.6,172,190,162,190
1684.8,176,158.4,198,153.6,162,182,172,152,178.8,152
1787.64,140.8,197.96,198,192,129.57,198.76,188.76,189.96,162,189.96
1662.8,192.76,175.2,175.16,153.57,162,145.6,137.6,152,161.97,206.8
1796,176,198,198,170.4,178.8,182,172,206.8,162,152
1638.4,140.8,198,158.4,153.6,162,182,172,152,129.6,190
1706.4,176,158.4,158.4,192,162,145.6,172,190,162,190
1601.2,176,198,158.4,153.6,129.6,182,137.6,152,162,152
1764,140.8,158.4,198,192,162,182,172,190,178.8,190
1630.8,176,198,158.4,153.6,162,162.4,154.4,152,162,152
1849.6,192.8,175.2,214.8,192,162,182,172,190,162,206.8
1758,176,198,158.4,170.4,178.8,145.6,172,206.8,162,190
1560.8,140.8,158.4,158.4,153.6,162,182,172,152,129.6,152
1712.8,176,198,198,153.6,162,145.6,137.6,190,162,190
1744.4,176,158.4,198,192,162,182,172,190,162,152
1578.8,140.8,158.4,198,153.6,162,145.6,137.6,152,178.8,152
1760.8,176,198,158.4,153.6,162,182,188.8,190,162,190
1710,192.8,175.2,214.8,153.6,129.6,162.4,172,190,129.6,190
1702.4,176,158.4,198,170.4,178.8,145.6,137.6,206.8,162,168.8
1671.2,140.8,158.4,198,192,162,182,172,152,162,152
1673.2,176,198,158.4,153.6,162,145.6,137.6,190,162,190
1668,176,158.4,198,153.6,162,182,172,152,162,152
1728.4,176,158.4,198,153.6,129.6,182,172,190,178.8,190
1655.6,140.8,198,158.4,192,162,182,188.8,152,129.6,152
1738.8,192.8,175.2,214.8,153.6,162,198.8,137.6,152,162,190
1701.26,140.8,197.96,158.37,170.37,178.76,145.57,171.97,206.76,162,168.77
1749.25,175.96,197.96,197.96,191.96,161.97,181.96,137.57,151.97,161.97,189.96
1666.4,176,158.4,158.4,153.6,162,182,172,190,162,152
1676.06,140.8,197.96,158.37,153.57,129.57,181.96,171.97,189.96,162,189.96
1688.46,175.96,158.37,197.96,191.96,162,181.96,137.57,151.97,178.76,151.97
1672,176,158.4,158.4,153.6,162,182,172,190,129.6,190
1773.6,192.8,198,175.2,192,162,198.8,188.8,152,162,152
1684,140.8,175.2,198,170.4,178.8,145.6,137.6,206.8,162,168.8
1706,176,198,158.4,153.6,162,182,172,152,162,190
1748.8,140.8,198,198,192,162,182,172,190,162,152
1635.6,176,158.4,158.4,153.6,129.6,145.6,172,190,162,190
1733.2,140.8,198,198,192,162,182,172,152,146.4,190
1670.4,176,158.4,158.4,192,162,182,137.6,190,162,152
1798.8,157.6,197.96,198,153.6,161.97,198.76,188.76,189.96,162,190
1720,176,175.2,175.2,208.8,129.6,145.6,172,168.8,162,206.8
1762.4,176,198,198,153.6,178.8,182,172,190,162,152
1714.4,140.8,198,198,192,162,182,137.6,152,162,190
1631.2,140.8,158.4,158.4,153.6,162,182,172,190,162,152
1800.8,176,198,198,192,162,182,172,152,178.8,190
1669.6,176,198,158.4,153.6,162,145.6,172,190,162,152
1704.4,140.8,158.4,198,153.6,162,198.8,188.8,152,162,190
1780,192.8,214.8,214.8,208.8,162,182,137.6,168.8,129.6,168.8
1617.2,140.8,158.4,158.4,153.6,146.4,145.6,172,190,162,190
1744.4,176,198,158.4,192,162,182,172,152,162,190
1636.4,140.8,198,158.4,153.6,162,182,137.6,190,162,152
1668.07,175.96,158.37,158.37,191.96,161.97,145.57,171.97,151.97,161.97,189.96
1686,140.77,158.4,158.4,153.6,162,182,172,190,178.76,190
1703.26,176,197.96,158.37,192,161.97,162.37,188.76,151.97,162,151.97
1742.85,192.76,158.4,175.16,191.96,162,182,137.6,206.8,129.57,206.76
1759.2,140.8,214.8,158.4,170.4,178.8,182,172,190,162,190
1746,176,198,198,192,162,182,172,152,162,152
1604.4,140.8,158.4,158.4,192,129.6,145.6,137.6,190,162,190
1705.66,175.96,197.96,158.37,153.57,161.97,181.96,171.97,151.97,161.97,189.96
1761.2,176,158.4,198,192,162,182,172,190,178.8,152
1778,176,198,158.4,192,162,198.8,188.8,152,162,190
1704,192.8,158.4,158.4,192,162,182,137.6,190,162,168.8
1753.6,176,214.8,175.2,170.4,178.8,145.6,172,168.8,162,190
1708.4,176,158.4,158.4,192,162,182,137.6,190,162,190
1748.8,140.8,198,198,192,162,182,172,190,162,152
1726,190,212,172.4,206,176,210,186,166,143.6,204
1670.07,175.96,158.37,158.37,191.96,161.97,181.96,137.57,189.96,161.97,151.97
1628.07,140.77,158.37,158.37,153.57,161.97,162.37,171.97,151.97,178.76,189.96
1724.06,192.76,158.37,197.96,191.96,129.57,181.96,188.76,151.97,161.97,168.77
1788.44,175.96,175.16,175.16,208.76,178.76,181.96,171.97,206.76,161.97,151.97
1712.46,140.77,197.96,158.37,191.96,161.97,181.96,137.57,189.96,161.97,189.96
1706,176,198,158.4,153.6,162,182,172,190,162,152
1664.87,175.96,118.78,158.37,191.96,161.97,181.96,171.97,151.97,161.97,189.96
1732.45,140.77,197.96,197.96,191.96,161.97,145.57,137.57,189.96,178.76,189.96
1645.2,176,158.4,158.4,153.6,162,198.8,172,152,162,152
1756.4,192.8,198,198,192,129.6,182,154.4,190,129.6,190
